data,data_alvo,inad_total_tplus3,inad_total,inad_total_l1,inad_total_l2,inad_total_l3,inad_total_l4,inad_total_l5,inad_total_l6,copom_score_nltk_L1,copom_score_nltk_L2,copom_score_nltk_L3,copom_score_nltk_L4,copom_score_nltk_L5,copom_score_nltk_L6,copom_score_textblob_L1,copom_score_textblob_L2,copom_score_textblob_L3,copom_score_textblob_L4,copom_score_textblob_L5,copom_score_textblob_L6,copom_score_bert_L1,copom_score_bert_L2,copom_score_bert_L3,copom_score_bert_L4,copom_score_bert_L5,copom_score_bert_L6,copom_score_finbert_L1,copom_score_finbert_L2,copom_score_finbert_L3,copom_score_finbert_L4,copom_score_finbert_L5,copom_score_finbert_L6,copom_score_mistral_L1,copom_score_mistral_L2,copom_score_mistral_L3,copom_score_mistral_L4,copom_score_mistral_L5,copom_score_mistral_L6,copom_score_media_L1,copom_score_media_L2,copom_score_media_L3,copom_score_media_L4,copom_score_media_L5,copom_score_media_L6,estatisticas_score_nltk_L1,estatisticas_score_nltk_L2,estatisticas_score_nltk_L3,estatisticas_score_nltk_L4,estatisticas_score_nltk_L5,estatisticas_score_nltk_L6,estatisticas_score_textblob_L1,estatisticas_score_textblob_L2,estatisticas_score_textblob_L3,estatisticas_score_textblob_L4,estatisticas_score_textblob_L5,estatisticas_score_textblob_L6,estatisticas_score_bert_L1,estatisticas_score_bert_L2,estatisticas_score_bert_L3,estatisticas_score_bert_L4,estatisticas_score_bert_L5,estatisticas_score_bert_L6,estatisticas_score_finbert_L1,estatisticas_score_finbert_L2,estatisticas_score_finbert_L3,estatisticas_score_finbert_L4,estatisticas_score_finbert_L5,estatisticas_score_finbert_L6,estatisticas_score_mistral_L1,estatisticas_score_mistral_L2,estatisticas_score_mistral_L3,estatisticas_score_mistral_L4,estatisticas_score_mistral_L5,estatisticas_score_mistral_L6,estatisticas_score_media_L1,estatisticas_score_media_L2,estatisticas_score_media_L3,estatisticas_score_media_L4,estatisticas_score_media_L5,estatisticas_score_media_L6
2019-07-01,2019-10-01,3.03,3.06,2.95,3.05,3.02,2.99,2.91,2.95,-0.7783,-0.9274,-0.8041,-0.6808,-0.7783,-0.7783,0.0,0.0625,0.03125,0.0,0.0,0.0,-0.1875,-0.125,-0.09375,-0.0625,-0.0714285714285714,-0.0714285714285714,-0.4074221402406692,-0.3888649865984916,-0.36264077946543694,-0.3364165723323822,-0.2487336844205856,-0.2487336844205856,0.75,0.65,0.575,0.5,0.5,0.5,-0.12464442804813385,-0.14575299731969832,-0.1308481558930874,-0.11594331446647646,-0.1196924511698314,-0.1196924511698314,-0.9918,-0.9903,-0.9934,-0.9911,-0.9872,-0.9969,-0.2,0.0,-0.4,-0.32,-0.4,-0.1454545454545454,-1.0,-1.0,-1.0,-1.0,-0.5,-1.0,0.3922672569751739,-0.1959903240203857,0.4070233106613159,0.2780296802520752,-0.2663860321044922,0.3353253006935119,-0.2,-0.5,-0.5,-0.3,-0.6,-0.3,-0.39990654860496516,-0.5372580648040771,-0.49727533786773676,-0.4666140639495849,-0.5507172064208985,-0.4214058489522067
2019-08-01,2019-11-01,3.0,3.04,3.06,2.95,3.05,3.02,2.99,2.91,-0.8402,-0.7783,-0.9274,-0.8041,-0.6808,-0.7783,0.0,0.0,0.0625,0.03125,0.0,0.0,0.0625,-0.1875,-0.125,-0.09375,-0.0625,-0.0714285714285714,-0.2278654053807258,-0.4074221402406692,-0.3888649865984916,-0.36264077946543694,-0.3364165723323822,-0.2487336844205856,0.75,0.75,0.65,0.575,0.5,0.5,-0.051113081076145137,-0.12464442804813385,-0.14575299731969832,-0.1308481558930874,-0.11594331446647646,-0.1196924511698314,-0.9921,-0.9918,-0.9903,-0.9934,-0.9911,-0.9872,-0.1333333333333333,-0.2,0.0,-0.4,-0.32,-0.4,-1.0,-1.0,-1.0,-1.0,-1.0,-0.5,0.4272907525300979,0.3922672569751739,-0.1959903240203857,0.4070233106613159,0.2780296802520752,-0.2663860321044922,-0.1,-0.2,-0.5,-0.5,-0.3,-0.6,-0.3596285161606471,-0.39990654860496516,-0.5372580648040771,-0.49727533786773676,-0.4666140639495849,-0.5507172064208985
2019-09-01,2019-12-01,2.94,3.06,3.04,3.06,2.95,3.05,3.02,2.99,-0.8604499999999999,-0.8402,-0.7783,-0.9274,-0.8041,-0.6808,0.0,0.0,0.0,0.0625,0.03125,0.0,-0.03125,0.0625,-0.1875,-0.125,-0.09375,-0.0625,-0.21608234569430346,-0.2278654053807258,-0.4074221402406692,-0.3888649865984916,-0.36264077946543694,-0.3364165723323822,0.75,0.75,0.75,0.65,0.575,0.5,-0.07155646913886068,-0.051113081076145137,-0.12464442804813385,-0.14575299731969832,-0.1308481558930874,-0.11594331446647646,-0.9911,-0.9921,-0.9918,-0.9903,-0.9934,-0.9911,-0.32,-0.1333333333333333,-0.2,0.0,-0.4,-0.32,-1.0,-1.0,-1.0,-1.0,-1.0,-1.0,0.0640474259853363,0.4272907525300979,0.3922672569751739,-0.1959903240203857,0.4070233106613159,0.2780296802520752,-0.2,-0.1,-0.2,-0.5,-0.5,-0.3,-0.48941051480293274,-0.3596285161606471,-0.39990654860496516,-0.5372580648040771,-0.49727533786773676,-0.4666140639495849
2019-10-01,2020-01-01,3.0,3.03,3.06,3.04,3.06,2.95,3.05,3.02,-0.8807,-0.8604499999999999,-0.8402,-0.7783,-0.9274,-0.8041,0.0,0.0,0.0,0.0,0.0625,0.03125,-0.125,-0.03125,0.0625,-0.1875,-0.125,-0.09375,-0.2042992860078811,-0.21608234569430346,-0.2278654053807258,-0.4074221402406692,-0.3888649865984916,-0.36264077946543694,0.75,0.75,0.75,0.75,0.65,0.575,-0.09199985720157625,-0.07155646913886068,-0.051113081076145137,-0.12464442804813385,-0.14575299731969832,-0.1308481558930874,-0.9911,-0.9911,-0.9921,-0.9918,-0.9903,-0.9934,-0.2285714285714286,-0.32,-0.1333333333333333,-0.2,0.0,-0.4,-0.875,-1.0,-1.0,-1.0,-1.0,-1.0,0.5888727605342865,0.0640474259853363,0.4272907525300979,0.3922672569751739,-0.1959903240203857,0.4070233106613159,-0.2,-0.2,-0.1,-0.2,-0.5,-0.5,-0.3411597336074284,-0.48941051480293274,-0.3596285161606471,-0.39990654860496516,-0.5372580648040771,-0.49727533786773676
2019-11-01,2020-02-01,3.04,3.0,3.03,3.06,3.04,3.06,2.95,3.05,-0.8402,-0.8807,-0.8604499999999999,-0.8402,-0.7783,-0.9274,0.0,0.0,0.0,0.0,0.0,0.0625,-0.25,-0.125,-0.03125,0.0625,-0.1875,-0.125,-0.2508394196629524,-0.2042992860078811,-0.21608234569430346,-0.2278654053807258,-0.4074221402406692,-0.3888649865984916,0.75,0.75,0.75,0.75,0.75,0.65,-0.11820788393259045,-0.09199985720157625,-0.07155646913886068,-0.051113081076145137,-0.12464442804813385,-0.14575299731969832,-0.9929,-0.9911,-0.9911,-0.9921,-0.9918,-0.9903,0.1399999999999999,-0.2285714285714286,-0.32,-0.1333333333333333,-0.2,0.0,-1.0,-0.875,-1.0,-1.0,-1.0,-1.0,0.1267095208168029,0.5888727605342865,0.0640474259853363,0.4272907525300979,0.3922672569751739,-0.1959903240203857,-0.2,-0.2,-0.2,-0.1,-0.2,-0.5,-0.38523809583663937,-0.3411597336074284,-0.48941051480293274,-0.3596285161606471,-0.39990654860496516,-0.5372580648040771
2019-12-01,2020-03-01,3.18,2.94,3.0,3.03,3.06,3.04,3.06,2.95,-0.8604499999999999,-0.8402,-0.8807,-0.8604499999999999,-0.8402,-0.7783,0.0,0.0,0.0,0.0,0.0,0.0,-0.25,-0.25,-0.125,-0.03125,0.0625,-0.1875,-0.24795490503311157,-0.2508394196629524,-0.2042992860078811,-0.21608234569430346,-0.2278654053807258,-0.4074221402406692,0.75,0.75,0.75,0.75,0.75,0.75,-0.12168098100662231,-0.11820788393259045,-0.09199985720157625,-0.07155646913886068,-0.051113081076145137,-0.12464442804813385,-0.9884,-0.9929,-0.9911,-0.9911,-0.9921,-0.9918,0.0,0.1399999999999999,-0.2285714285714286,-0.32,-0.1333333333333333,-0.2,-1.0,-1.0,-0.875,-1.0,-1.0,-1.0,-0.5349164009094238,0.1267095208168029,0.5888727605342865,0.0640474259853363,0.4272907525300979,0.3922672569751739,-0.2,-0.2,-0.2,-0.2,-0.1,-0.2,-0.5446632801818848,-0.38523809583663937,-0.3411597336074284,-0.48941051480293274,-0.3596285161606471,-0.39990654860496516
2020-01-01,2020-04-01,3.29,3.0,2.94,3.0,3.03,3.06,3.04,3.06,-0.8807,-0.8604499999999999,-0.8402,-0.8807,-0.8604499999999999,-0.8402,0.0,0.0,0.0,0.0,0.0,0.0,-0.25,-0.25,-0.25,-0.125,-0.03125,0.0625,-0.2450703904032707,-0.24795490503311157,-0.2508394196629524,-0.2042992860078811,-0.21608234569430346,-0.2278654053807258,0.75,0.75,0.75,0.75,0.75,0.75,-0.12515407808065415,-0.12168098100662231,-0.11820788393259045,-0.09199985720157625,-0.07155646913886068,-0.051113081076145137,-0.9911,-0.9884,-0.9929,-0.9911,-0.9911,-0.9921,-0.32,0.0,0.1399999999999999,-0.2285714285714286,-0.32,-0.1333333333333333,-1.0,-1.0,-1.0,-0.875,-1.0,-1.0,-0.0229939520359039,-0.5349164009094238,0.1267095208168029,0.5888727605342865,0.0640474259853363,0.4272907525300979,-0.3,-0.2,-0.2,-0.2,-0.2,-0.1,-0.5268187904071807,-0.5446632801818848,-0.38523809583663937,-0.3411597336074284,-0.48941051480293274,-0.3596285161606471
2020-02-01,2020-05-01,3.24,3.04,3.0,2.94,3.0,3.03,3.06,3.04,-0.911,-0.8807,-0.8604499999999999,-0.8402,-0.8807,-0.8604499999999999,0.0,0.0,0.0,0.0,0.0,0.0,-0.20833333333333331,-0.25,-0.25,-0.25,-0.125,-0.03125,-0.3577321991324425,-0.2450703904032707,-0.24795490503311157,-0.2508394196629524,-0.2042992860078811,-0.21608234569430346,0.75,0.75,0.75,0.75,0.75,0.75,-0.14541310649315514,-0.12515407808065415,-0.12168098100662231,-0.11820788393259045,-0.09199985720157625,-0.07155646913886068,-0.9974,-0.9911,-0.9884,-0.9929,-0.9911,-0.9911,-0.1142857142857143,-0.32,0.0,0.1399999999999999,-0.2285714285714286,-0.32,-0.6,-1.0,-1.0,-1.0,-0.875,-1.0,-0.031728446483612,-0.0229939520359039,-0.5349164009094238,0.1267095208168029,0.5888727605342865,0.0640474259853363,0.5,-0.3,-0.2,-0.2,-0.2,-0.2,-0.24868283215386527,-0.5268187904071807,-0.5446632801818848,-0.38523809583663937,-0.3411597336074284,-0.48941051480293274
2020-03-01,2020-06-01,2.89,3.18,3.04,3.0,2.94,3.0,3.03,3.06,-0.9413,-0.911,-0.8807,-0.8604499999999999,-0.8402,-0.8807,0.0,0.0,0.0,0.0,0.0,0.0,-0.1666666666666666,-0.20833333333333331,-0.25,-0.25,-0.25,-0.125,-0.4703940078616142,-0.3577321991324425,-0.2450703904032707,-0.24795490503311157,-0.2508394196629524,-0.2042992860078811,0.75,0.75,0.75,0.75,0.75,0.75,-0.16567213490565616,-0.14541310649315514,-0.12515407808065415,-0.12168098100662231,-0.11820788393259045,-0.09199985720157625,-0.9904,-0.9974,-0.9911,-0.9884,-0.9929,-0.9911,0.0,-0.1142857142857143,-0.32,0.0,0.1399999999999999,-0.2285714285714286,-0.8125,-0.6,-1.0,-1.0,-1.0,-0.875,-0.2363981306552887,-0.031728446483612,-0.0229939520359039,-0.5349164009094238,0.1267095208168029,0.5888727605342865,-0.2,0.5,-0.3,-0.2,-0.2,-0.2,-0.4478596261310578,-0.24868283215386527,-0.5268187904071807,-0.5446632801818848,-0.38523809583663937,-0.3411597336074284
2020-04-01,2020-07-01,2.76,3.29,3.18,3.04,3.0,2.94,3.0,3.03,-0.8807,-0.9413,-0.911,-0.8807,-0.8604499999999999,-0.8402,0.0238095238095238,0.0,0.0,0.0,0.0,0.0,-0.1666666666666666,-0.1666666666666666,-0.20833333333333331,-0.25,-0.25,-0.25,-0.5828487202525139,-0.4703940078616142,-0.3577321991324425,-0.2450703904032707,-0.24795490503311157,-0.2508394196629524,0.45,0.75,0.75,0.75,0.75,0.75,-0.23128117262193135,-0.16567213490565616,-0.14541310649315514,-0.12515407808065415,-0.12168098100662231,-0.11820788393259045,-0.9884,-0.9904,-0.9974,-0.9911,-0.9884,-0.9929,0.0,0.0,-0.1142857142857143,-0.32,0.0,0.1399999999999999,-1.0,-0.8125,-0.6,-1.0,-1.0,-1.0,0.1097229123115539,-0.2363981306552887,-0.031728446483612,-0.0229939520359039,-0.5349164009094238,0.1267095208168029,0.2,-0.2,0.5,-0.3,-0.2,-0.2,-0.3357354175376892,-0.4478596261310578,-0.24868283215386527,-0.5268187904071807,-0.5446632801818848,-0.38523809583663937
2020-05-01,2020-08-01,2.65,3.24,3.29,3.18,3.04,3.0,2.94,3.0,-0.6873,-0.8807,-0.9413,-0.911,-0.8807,-0.8604499999999999,0.07554112554112549,0.0238095238095238,0.0,0.0,0.0,0.0,-0.29166666666666663,-0.1666666666666666,-0.1666666666666666,-0.20833333333333331,-0.25,-0.25,-0.5834015291184187,-0.5828487202525139,-0.4703940078616142,-0.3577321991324425,-0.2450703904032707,-0.24795490503311157,0.55,0.45,0.75,0.75,0.75,0.75,-0.18736541404879198,-0.23128117262193135,-0.16567213490565616,-0.14541310649315514,-0.12515407808065415,-0.12168098100662231,-0.9803,-0.9884,-0.9904,-0.9974,-0.9911,-0.9884,0.0,0.0,0.0,-0.1142857142857143,-0.32,0.0,-1.0,-1.0,-0.8125,-0.6,-1.0,-1.0,0.0955433845520019,0.1097229123115539,-0.2363981306552887,-0.031728446483612,-0.0229939520359039,-0.5349164009094238,0.5,0.2,-0.2,0.5,-0.3,-0.2,-0.2769513230895996,-0.3357354175376892,-0.4478596261310578,-0.24868283215386527,-0.5268187904071807,-0.5446632801818848
2020-06-01,2020-09-01,2.43,2.89,3.24,3.29,3.18,3.04,3.0,2.94,-0.4939,-0.6873,-0.8807,-0.9413,-0.911,-0.8807,0.1272727272727272,0.07554112554112549,0.0238095238095238,0.0,0.0,0.0,-0.4166666666666667,-0.29166666666666663,-0.1666666666666666,-0.1666666666666666,-0.20833333333333331,-0.25,-0.5839543379843235,-0.5834015291184187,-0.5828487202525139,-0.4703940078616142,-0.3577321991324425,-0.2450703904032707,0.65,0.55,0.45,0.75,0.75,0.75,-0.1434496554756526,-0.18736541404879198,-0.23128117262193135,-0.16567213490565616,-0.14541310649315514,-0.12515407808065415,-0.9825,-0.9803,-0.9884,-0.9904,-0.9974,-0.9911,0.0,0.0,0.0,0.0,-0.1142857142857143,-0.32,-1.0,-1.0,-1.0,-0.8125,-0.6,-1.0,0.2101953625679016,0.0955433845520019,0.1097229123115539,-0.2363981306552887,-0.031728446483612,-0.0229939520359039,0.5,0.5,0.2,-0.2,0.5,-0.3,-0.2544609274864197,-0.2769513230895996,-0.3357354175376892,-0.4478596261310578,-0.24868283215386527,-0.5268187904071807
2020-07-01,2020-10-01,2.35,2.76,2.89,3.24,3.29,3.18,3.04,3.0,-0.9517,-0.4939,-0.6873,-0.8807,-0.9413,-0.911,-0.0357142857142857,0.1272727272727272,0.07554112554112549,0.0238095238095238,0.0,0.0,-0.3333333333333333,-0.4166666666666667,-0.29166666666666663,-0.1666666666666666,-0.1666666666666666,-0.20833333333333331,-0.5663933604955673,-0.5839543379843235,-0.5834015291184187,-0.5828487202525139,-0.4703940078616142,-0.3577321991324425,0.75,0.65,0.55,0.45,0.75,0.75,-0.22742819590863728,-0.1434496554756526,-0.18736541404879198,-0.23128117262193135,-0.16567213490565616,-0.14541310649315514,-0.9872,-0.9825,-0.9803,-0.9884,-0.9904,-0.9974,-0.2,0.0,0.0,0.0,0.0,-0.1142857142857143,-1.0,-1.0,-1.0,-1.0,-0.8125,-0.6,0.1320580840110778,0.2101953625679016,0.0955433845520019,0.1097229123115539,-0.2363981306552887,-0.031728446483612,-0.3,0.5,0.5,0.2,-0.2,0.5,-0.47102838319778434,-0.2544609274864197,-0.2769513230895996,-0.3357354175376892,-0.4478596261310578,-0.24868283215386527
2020-08-01,2020-11-01,2.23,2.65,2.76,2.89,3.24,3.29,3.18,3.04,-0.9299,-0.9517,-0.4939,-0.6873,-0.8807,-0.9413,-0.01869047619047615,-0.0357142857142857,0.1272727272727272,0.07554112554112549,0.0238095238095238,0.0,-0.34523809523809523,-0.3333333333333333,-0.4166666666666667,-0.29166666666666663,-0.1666666666666666,-0.1666666666666666,-0.5783789586275816,-0.5663933604955673,-0.5839543379843235,-0.5834015291184187,-0.5828487202525139,-0.4703940078616142,0.75,0.75,0.65,0.55,0.45,0.75,-0.22444150601123058,-0.22742819590863728,-0.1434496554756526,-0.18736541404879198,-0.23128117262193135,-0.16567213490565616,-0.9803,-0.9872,-0.9825,-0.9803,-0.9884,-0.9904,0.0,-0.2,0.0,0.0,0.0,0.0,-1.0,-1.0,-1.0,-1.0,-1.0,-0.8125,0.157111257314682,0.1320580840110778,0.2101953625679016,0.0955433845520019,0.1097229123115539,-0.2363981306552887,-0.3,-0.3,0.5,0.5,0.2,-0.2,-0.4246377485370636,-0.47102838319778434,-0.2544609274864197,-0.2769513230895996,-0.3357354175376892,-0.4478596261310578
2020-09-01,2020-12-01,2.11,2.43,2.65,2.76,2.89,3.24,3.29,3.18,-0.9081,-0.9299,-0.9517,-0.4939,-0.6873,-0.8807,-0.0016666666666666,-0.01869047619047615,-0.0357142857142857,0.1272727272727272,0.07554112554112549,0.0238095238095238,-0.3571428571428571,-0.34523809523809523,-0.3333333333333333,-0.4166666666666667,-0.29166666666666663,-0.1666666666666666,-0.5903645567595959,-0.5783789586275816,-0.5663933604955673,-0.5839543379843235,-0.5834015291184187,-0.5828487202525139,0.75,0.75,0.75,0.65,0.55,0.45,-0.22145481611382395,-0.22444150601123058,-0.22742819590863728,-0.1434496554756526,-0.18736541404879198,-0.23128117262193135,-0.9702,-0.9803,-0.9872,-0.9825,-0.9803,-0.9884,0.2333333333333333,0.0,-0.2,0.0,0.0,0.0,-1.0,-1.0,-1.0,-1.0,-1.0,-1.0,0.0498313903808593,0.157111257314682,0.1320580840110778,0.2101953625679016,0.0955433845520019,0.1097229123115539,-0.5,-0.3,-0.3,0.5,0.5,0.2,-0.4374070552571615,-0.4246377485370636,-0.47102838319778434,-0.2544609274864197,-0.2769513230895996,-0.3357354175376892
2020-10-01,2021-01-01,2.14,2.35,2.43,2.65,2.76,2.89,3.24,3.29,-0.9081,-0.9081,-0.9299,-0.9517,-0.4939,-0.6873,-0.0361111111111111,-0.0016666666666666,-0.01869047619047615,-0.0357142857142857,0.1272727272727272,0.07554112554112549,-0.2142857142857142,-0.3571428571428571,-0.34523809523809523,-0.3333333333333333,-0.4166666666666667,-0.29166666666666663,-0.4636561945080757,-0.5903645567595959,-0.5783789586275816,-0.5663933604955673,-0.5839543379843235,-0.5834015291184187,0.75,0.75,0.75,0.75,0.65,0.55,-0.1744306039809802,-0.22145481611382395,-0.22444150601123058,-0.22742819590863728,-0.1434496554756526,-0.18736541404879198,-0.9801,-0.9702,-0.9803,-0.9872,-0.9825,-0.9803,0.175,0.2333333333333333,0.0,-0.2,0.0,0.0,-1.0,-1.0,-1.0,-1.0,-1.0,-1.0,-0.2753126323223114,0.0498313903808593,0.157111257314682,0.1320580840110778,0.2101953625679016,0.0955433845520019,0.2,-0.5,-0.3,-0.3,0.5,0.5,-0.3760825264644623,-0.4374070552571615,-0.4246377485370636,-0.47102838319778434,-0.2544609274864197,-0.2769513230895996
2020-11-01,2021-02-01,2.23,2.23,2.35,2.43,2.65,2.76,2.89,3.24,-0.8402,-0.9081,-0.9081,-0.9299,-0.9517,-0.4939,-0.0023809523809523,-0.0361111111111111,-0.0016666666666666,-0.01869047619047615,-0.0357142857142857,0.1272727272727272,-0.3333333333333333,-0.2142857142857142,-0.3571428571428571,-0.34523809523809523,-0.3333333333333333,-0.4166666666666667,-0.4343268796801567,-0.4636561945080757,-0.5903645567595959,-0.5783789586275816,-0.5663933604955673,-0.5839543379843235,0.65,0.75,0.75,0.75,0.75,0.65,-0.19204823307888844,-0.1744306039809802,-0.22145481611382395,-0.22444150601123058,-0.22742819590863728,-0.1434496554756526,-0.9872,-0.9801,-0.9702,-0.9803,-0.9872,-0.9825,-0.2,0.175,0.2333333333333333,0.0,-0.2,0.0,-1.0,-1.0,-1.0,-1.0,-1.0,-1.0,0.2710677981376648,-0.2753126323223114,0.0498313903808593,0.157111257314682,0.1320580840110778,0.2101953625679016,-0.2,0.2,-0.5,-0.3,-0.3,0.5,-0.42322644037246704,-0.3760825264644623,-0.4374070552571615,-0.4246377485370636,-0.47102838319778434,-0.2544609274864197
2020-12-01,2021-03-01,2.13,2.11,2.23,2.35,2.43,2.65,2.76,2.89,-0.8545499999999999,-0.8402,-0.9081,-0.9081,-0.9299,-0.9517,-0.00952380952380945,-0.0023809523809523,-0.0361111111111111,-0.0016666666666666,-0.01869047619047615,-0.0357142857142857,-0.13095238095238096,-0.3333333333333333,-0.2142857142857142,-0.3571428571428571,-0.34523809523809523,-0.3333333333333333,-0.3875157833099365,-0.4343268796801567,-0.4636561945080757,-0.5903645567595959,-0.5783789586275816,-0.5663933604955673,0.7,0.65,0.75,0.75,0.75,0.75,-0.13650839475722537,-0.19204823307888844,-0.1744306039809802,-0.22145481611382395,-0.22444150601123058,-0.22742819590863728,-0.9898,-0.9872,-0.9801,-0.9702,-0.9803,-0.9872,0.0,-0.2,0.175,0.2333333333333333,0.0,-0.2,-0.7,-1.0,-1.0,-1.0,-1.0,-1.0,0.15628382563591,0.2710677981376648,-0.2753126323223114,0.0498313903808593,0.157111257314682,0.1320580840110778,-0.2,-0.2,0.2,-0.5,-0.3,-0.3,-0.34670323487281796,-0.42322644037246704,-0.3760825264644623,-0.4374070552571615,-0.4246377485370636,-0.47102838319778434
2021-01-01,2021-04-01,2.19,2.14,2.11,2.23,2.35,2.43,2.65,2.76,-0.8689,-0.8545499999999999,-0.8402,-0.9081,-0.9081,-0.9299,-0.0166666666666666,-0.00952380952380945,-0.0023809523809523,-0.0361111111111111,-0.0016666666666666,-0.01869047619047615,0.0714285714285714,-0.13095238095238096,-0.3333333333333333,-0.2142857142857142,-0.3571428571428571,-0.34523809523809523,-0.3407046869397163,-0.3875157833099365,-0.4343268796801567,-0.4636561945080757,-0.5903645567595959,-0.5783789586275816,0.75,0.7,0.65,0.75,0.75,0.75,-0.0809685564355623,-0.13650839475722537,-0.19204823307888844,-0.1744306039809802,-0.22145481611382395,-0.22444150601123058,-0.9859,-0.9898,-0.9872,-0.9801,-0.9702,-0.9803,-0.2,0.0,-0.2,0.175,0.2333333333333333,0.0,-1.0,-0.7,-1.0,-1.0,-1.0,-1.0,0.3339571505784988,0.15628382563591,0.2710677981376648,-0.2753126323223114,0.0498313903808593,0.157111257314682,0.6,-0.2,-0.2,0.2,-0.5,-0.3,-0.25038856988430025,-0.34670323487281796,-0.42322644037246704,-0.3760825264644623,-0.4374070552571615,-0.4246377485370636
2021-02-01,2021-05-01,2.33,2.23,2.14,2.11,2.23,2.35,2.43,2.65,-0.9517,-0.8689,-0.8545499999999999,-0.8402,-0.9081,-0.9081,-0.0166666666666666,-0.0166666666666666,-0.00952380952380945,-0.0023809523809523,-0.0361111111111111,-0.0016666666666666,-0.1666666666666666,0.0714285714285714,-0.13095238095238096,-0.3333333333333333,-0.2142857142857142,-0.3571428571428571,-0.4211135879158973,-0.3407046869397163,-0.3875157833099365,-0.4343268796801567,-0.4636561945080757,-0.5903645567595959,0.15,0.75,0.7,0.65,0.75,0.75,-0.2812293842498461,-0.0809685564355623,-0.13650839475722537,-0.19204823307888844,-0.1744306039809802,-0.22145481611382395,-0.9859,-0.9859,-0.9898,-0.9872,-0.9801,-0.9702,0.0,-0.2,0.0,-0.2,0.175,0.2333333333333333,-0.8571428571428571,-1.0,-0.7,-1.0,-1.0,-1.0,0.0222629308700561,0.3339571505784988,0.15628382563591,0.2710677981376648,-0.2753126323223114,0.0498313903808593,0.3,0.6,-0.2,-0.2,0.2,-0.5,-0.3041559852545602,-0.25038856988430025,-0.34670323487281796,-0.42322644037246704,-0.3760825264644623,-0.4374070552571615
2021-03-01,2021-06-01,2.27,2.13,2.23,2.14,2.11,2.23,2.35,2.43,-0.89595,-0.9517,-0.8689,-0.8545499999999999,-0.8402,-0.9081,-0.0166666666666666,-0.0166666666666666,-0.0166666666666666,-0.00952380952380945,-0.0023809523809523,-0.0361111111111111,-0.26190476190476186,-0.1666666666666666,0.0714285714285714,-0.13095238095238096,-0.3333333333333333,-0.2142857142857142,-0.40834140777587885,-0.4211135879158973,-0.3407046869397163,-0.3875157833099365,-0.4343268796801567,-0.4636561945080757,0.4,0.15,0.75,0.7,0.65,0.75,-0.2365725672694615,-0.2812293842498461,-0.0809685564355623,-0.13650839475722537,-0.19204823307888844,-0.1744306039809802,-0.9872,-0.9859,-0.9859,-0.9898,-0.9872,-0.9801,-0.2666666666666666,0.0,-0.2,0.0,-0.2,0.175,-1.0,-0.8571428571428571,-1.0,-0.7,-1.0,-1.0,-0.2410033643245697,0.0222629308700561,0.3339571505784988,0.15628382563591,0.2710677981376648,-0.2753126323223114,-0.6,0.3,0.6,-0.2,-0.2,0.2,-0.6189740061982473,-0.3041559852545602,-0.25038856988430025,-0.34670323487281796,-0.42322644037246704,-0.3760825264644623
2021-04-01,2021-07-01,2.31,2.19,2.13,2.23,2.14,2.11,2.23,2.35,-0.8402,-0.89595,-0.9517,-0.8689,-0.8545499999999999,-0.8402,-0.0166666666666666,-0.0166666666666666,-0.0166666666666666,-0.0166666666666666,-0.00952380952380945,-0.0023809523809523,-0.3571428571428571,-0.26190476190476186,-0.1666666666666666,0.0714285714285714,-0.13095238095238096,-0.3333333333333333,-0.3955692276358604,-0.40834140777587885,-0.4211135879158973,-0.3407046869397163,-0.3875157833099365,-0.4343268796801567,0.65,0.4,0.15,0.75,0.7,0.65,-0.19191575028907681,-0.2365725672694615,-0.2812293842498461,-0.0809685564355623,-0.13650839475722537,-0.19204823307888844,-0.9929,-0.9872,-0.9859,-0.9859,-0.9898,-0.9872,-0.2666666666666666,-0.2666666666666666,0.0,-0.2,0.0,-0.2,-0.875,-1.0,-0.8571428571428571,-1.0,-0.7,-1.0,-0.093705266714096,-0.2410033643245697,0.0222629308700561,0.3339571505784988,0.15628382563591,0.2710677981376648,-0.3,-0.6,0.3,0.6,-0.2,-0.2,-0.5056543866761525,-0.6189740061982473,-0.3041559852545602,-0.25038856988430025,-0.34670323487281796,-0.42322644037246704
2021-05-01,2021-08-01,2.31,2.33,2.19,2.13,2.23,2.14,2.11,2.23,-0.87415,-0.8402,-0.89595,-0.9517,-0.8689,-0.8545499999999999,-0.0708333333333333,-0.0166666666666666,-0.0166666666666666,-0.0166666666666666,-0.0166666666666666,-0.00952380952380945,-0.2785714285714286,-0.3571428571428571,-0.26190476190476186,-0.1666666666666666,0.0714285714285714,-0.13095238095238096,-0.3550588153302669,-0.3955692276358604,-0.40834140777587885,-0.4211135879158973,-0.3407046869397163,-0.3875157833099365,0.625,0.65,0.4,0.15,0.75,0.7,-0.19072271544700578,-0.19191575028907681,-0.2365725672694615,-0.2812293842498461,-0.0809685564355623,-0.13650839475722537,-0.9918,-0.9929,-0.9872,-0.9859,-0.9859,-0.9898,-0.16,-0.2666666666666666,-0.2666666666666666,0.0,-0.2,0.0,-1.0,-0.875,-1.0,-0.8571428571428571,-1.0,-0.7,0.160272479057312,-0.093705266714096,-0.2410033643245697,0.0222629308700561,0.3339571505784988,0.15628382563591,-0.6,-0.3,-0.6,0.3,0.6,-0.2,-0.5183055041885376,-0.5056543866761525,-0.6189740061982473,-0.3041559852545602,-0.25038856988430025,-0.34670323487281796
2021-06-01,2021-09-01,2.28,2.27,2.33,2.19,2.13,2.23,2.14,2.11,-0.9081,-0.87415,-0.8402,-0.89595,-0.9517,-0.8689,-0.125,-0.0708333333333333,-0.0166666666666666,-0.0166666666666666,-0.0166666666666666,-0.0166666666666666,-0.2,-0.2785714285714286,-0.3571428571428571,-0.26190476190476186,-0.1666666666666666,0.0714285714285714,-0.3145484030246734,-0.3550588153302669,-0.3955692276358604,-0.40834140777587885,-0.4211135879158973,-0.3407046869397163,0.6,0.625,0.65,0.4,0.15,0.75,-0.18952968060493472,-0.19072271544700578,-0.19191575028907681,-0.2365725672694615,-0.2812293842498461,-0.0809685564355623,-0.9894,-0.9918,-0.9929,-0.9872,-0.9859,-0.9859,-0.4,-0.16,-0.2666666666666666,-0.2666666666666666,0.0,-0.2,-1.0,-1.0,-0.875,-1.0,-0.8571428571428571,-1.0,-0.1239423751831054,0.160272479057312,-0.093705266714096,-0.2410033643245697,0.0222629308700561,0.3339571505784988,0.8,-0.6,-0.3,-0.6,0.3,0.6,-0.3426684750366211,-0.5183055041885376,-0.5056543866761525,-0.6189740061982473,-0.3041559852545602,-0.25038856988430025
2021-07-01,2021-10-01,2.28,2.31,2.27,2.33,2.19,2.13,2.23,2.14,-0.7783,-0.9081,-0.87415,-0.8402,-0.89595,-0.9517,0.05,-0.125,-0.0708333333333333,-0.0166666666666666,-0.0166666666666666,-0.0166666666666666,0.0,-0.2,-0.2785714285714286,-0.3571428571428571,-0.26190476190476186,-0.1666666666666666,-0.4776681736111641,-0.3145484030246734,-0.3550588153302669,-0.3955692276358604,-0.40834140777587885,-0.4211135879158973,-0.2,0.6,0.625,0.65,0.4,0.15,-0.2811936347222328,-0.18952968060493472,-0.19072271544700578,-0.19191575028907681,-0.2365725672694615,-0.2812293842498461,-0.9939,-0.9894,-0.9918,-0.9929,-0.9872,-0.9859,-0.2,-0.4,-0.16,-0.2666666666666666,-0.2666666666666666,0.0,-0.875,-1.0,-1.0,-0.875,-1.0,-0.8571428571428571,0.2544930577278137,-0.1239423751831054,0.160272479057312,-0.093705266714096,-0.2410033643245697,0.0222629308700561,-0.2,0.8,-0.6,-0.3,-0.6,0.3,-0.40288138845443733,-0.3426684750366211,-0.5183055041885376,-0.5056543866761525,-0.6189740061982473,-0.3041559852545602
2021-08-01,2021-11-01,2.31,2.31,2.31,2.27,2.33,2.19,2.13,2.23,-0.7295499999999999,-0.7783,-0.9081,-0.87415,-0.8402,-0.89595,0.10833333333333331,0.05,-0.125,-0.0708333333333333,-0.0166666666666666,-0.0166666666666666,-0.0833333333333333,0.0,-0.2,-0.2785714285714286,-0.3571428571428571,-0.26190476190476186,-0.449802964925766,-0.4776681736111641,-0.3145484030246734,-0.3550588153302669,-0.3955692276358604,-0.40834140777587885,-0.2,-0.2,0.6,0.625,0.65,0.4,-0.27087059298515315,-0.2811936347222328,-0.18952968060493472,-0.19072271544700578,-0.19191575028907681,-0.2365725672694615,-0.9893,-0.9939,-0.9894,-0.9918,-0.9929,-0.9872,0.2333333333333333,-0.2,-0.4,-0.16,-0.2666666666666666,-0.2666666666666666,-1.0,-0.875,-1.0,-1.0,-0.875,-1.0,0.2833864986896515,0.2544930577278137,-0.1239423751831054,0.160272479057312,-0.093705266714096,-0.2410033643245697,-0.2,-0.2,0.8,-0.6,-0.3,-0.6,-0.33451603359540305,-0.40288138845443733,-0.3426684750366211,-0.5183055041885376,-0.5056543866761525,-0.6189740061982473
2021-09-01,2021-12-01,2.3,2.28,2.31,2.31,2.27,2.33,2.19,2.13,-0.6808,-0.7295499999999999,-0.7783,-0.9081,-0.87415,-0.8402,0.1666666666666666,0.10833333333333331,0.05,-0.125,-0.0708333333333333,-0.0166666666666666,-0.1666666666666666,-0.0833333333333333,0.0,-0.2,-0.2785714285714286,-0.3571428571428571,-0.4219377562403679,-0.449802964925766,-0.4776681736111641,-0.3145484030246734,-0.3550588153302669,-0.3955692276358604,-0.2,-0.2,-0.2,0.6,0.625,0.65,-0.2605475512480736,-0.27087059298515315,-0.2811936347222328,-0.18952968060493472,-0.19072271544700578,-0.19191575028907681,-0.9872,-0.9893,-0.9939,-0.9894,-0.9918,-0.9929,0.0,0.2333333333333333,-0.2,-0.4,-0.16,-0.2666666666666666,-0.6,-1.0,-0.875,-1.0,-1.0,-0.875,0.3291880786418915,0.2833864986896515,0.2544930577278137,-0.1239423751831054,0.160272479057312,-0.093705266714096,-0.3,-0.2,-0.2,0.8,-0.6,-0.3,-0.3116023842716217,-0.33451603359540305,-0.40288138845443733,-0.3426684750366211,-0.5183055041885376,-0.5056543866761525
2021-10-01,2022-01-01,2.45,2.28,2.28,2.31,2.31,2.27,2.33,2.19,-0.8807,-0.6808,-0.7295499999999999,-0.7783,-0.9081,-0.87415,0.0,0.1666666666666666,0.10833333333333331,0.05,-0.125,-0.0708333333333333,-0.1666666666666666,-0.1666666666666666,-0.0833333333333333,0.0,-0.2,-0.2785714285714286,-0.2250081077218055,-0.4219377562403679,-0.449802964925766,-0.4776681736111641,-0.3145484030246734,-0.3550588153302669,0.6,-0.2,-0.2,-0.2,0.6,0.625,-0.13447495487769442,-0.2605475512480736,-0.27087059298515315,-0.2811936347222328,-0.18952968060493472,-0.19072271544700578,-0.9883,-0.9872,-0.9893,-0.9939,-0.9894,-0.9918,-0.02,0.0,0.2333333333333333,-0.2,-0.4,-0.16,-1.0,-0.6,-1.0,-0.875,-1.0,-1.0,0.2801040112972259,0.3291880786418915,0.2833864986896515,0.2544930577278137,-0.1239423751831054,0.160272479057312,-0.6,-0.3,-0.2,-0.2,0.8,-0.6,-0.46563919774055484,-0.3116023842716217,-0.33451603359540305,-0.40288138845443733,-0.3426684750366211,-0.5183055041885376
2021-11-01,2022-02-01,2.51,2.31,2.28,2.28,2.31,2.31,2.27,2.33,-0.9274,-0.8807,-0.6808,-0.7295499999999999,-0.7783,-0.9081,0.0666666666666666,0.0,0.1666666666666666,0.10833333333333331,0.05,-0.125,-0.0833333333333333,-0.1666666666666666,-0.1666666666666666,-0.0833333333333333,0.0,-0.2,-0.3105510398745537,-0.2250081077218055,-0.4219377562403679,-0.449802964925766,-0.4776681736111641,-0.3145484030246734,-0.85,0.6,-0.2,-0.2,-0.2,0.6,-0.42092354130824405,-0.13447495487769442,-0.2605475512480736,-0.27087059298515315,-0.2811936347222328,-0.18952968060493472,-0.9884,-0.9883,-0.9872,-0.9893,-0.9939,-0.9894,-0.2,-0.02,0.0,0.2333333333333333,-0.2,-0.4,-1.0,-1.0,-0.6,-1.0,-0.875,-1.0,0.4012274593114853,0.2801040112972259,0.3291880786418915,0.2833864986896515,0.2544930577278137,-0.1239423751831054,-0.6,-0.6,-0.3,-0.2,-0.2,0.8,-0.4774345081377029,-0.46563919774055484,-0.3116023842716217,-0.33451603359540305,-0.40288138845443733,-0.3426684750366211
2021-12-01,2022-03-01,2.59,2.3,2.31,2.28,2.28,2.31,2.31,2.27,-0.93435,-0.9274,-0.8807,-0.6808,-0.7295499999999999,-0.7783,0.0333333333333333,0.0666666666666666,0.0,0.1666666666666666,0.10833333333333331,0.05,-0.0833333333333333,-0.0833333333333333,-0.1666666666666666,-0.1666666666666666,-0.0833333333333333,0.0,-0.34187857806682587,-0.3105510398745537,-0.2250081077218055,-0.4219377562403679,-0.449802964925766,-0.4776681736111641,-0.17499999999999993,-0.85,0.6,-0.2,-0.2,-0.2,-0.30024571561336516,-0.42092354130824405,-0.13447495487769442,-0.2605475512480736,-0.27087059298515315,-0.2811936347222328,-0.9698,-0.9884,-0.9883,-0.9872,-0.9893,-0.9939,0.1199999999999999,-0.2,-0.02,0.0,0.2333333333333333,-0.2,-0.875,-1.0,-1.0,-0.6,-1.0,-0.875,0.3351721614599228,0.4012274593114853,0.2801040112972259,0.3291880786418915,0.2833864986896515,0.2544930577278137,-0.7,-0.6,-0.6,-0.3,-0.2,-0.2,-0.4179255677080155,-0.4774345081377029,-0.46563919774055484,-0.3116023842716217,-0.33451603359540305,-0.40288138845443733
2022-01-01,2022-04-01,2.66,2.45,2.3,2.31,2.28,2.28,2.31,2.31,-0.9413,-0.93435,-0.9274,-0.8807,-0.6808,-0.7295499999999999,0.0,0.0333333333333333,0.0666666666666666,0.0,0.1666666666666666,0.10833333333333331,-0.0833333333333333,-0.0833333333333333,-0.0833333333333333,-0.1666666666666666,-0.1666666666666666,-0.0833333333333333,-0.373206116259098,-0.34187857806682587,-0.3105510398745537,-0.2250081077218055,-0.4219377562403679,-0.449802964925766,0.5,-0.17499999999999993,-0.85,0.6,-0.2,-0.2,-0.17956788991848627,-0.30024571561336516,-0.42092354130824405,-0.13447495487769442,-0.2605475512480736,-0.27087059298515315,-0.9903,-0.9698,-0.9884,-0.9883,-0.9872,-0.9893,-0.5333333333333333,0.1199999999999999,-0.2,-0.02,0.0,0.2333333333333333,-0.9,-0.875,-1.0,-1.0,-0.6,-1.0,-0.074815034866333,0.3351721614599228,0.4012274593114853,0.2801040112972259,0.3291880786418915,0.2833864986896515,0.65,-0.7,-0.6,-0.6,-0.3,-0.2,-0.3696896736399332,-0.4179255677080155,-0.4774345081377029,-0.46563919774055484,-0.3116023842716217,-0.33451603359540305
2022-02-01,2022-05-01,2.72,2.51,2.45,2.3,2.31,2.28,2.28,2.31,-0.9465,-0.9413,-0.93435,-0.9274,-0.8807,-0.6808,0.0,0.0,0.0333333333333333,0.0666666666666666,0.0,0.1666666666666666,-0.25,-0.0833333333333333,-0.0833333333333333,-0.0833333333333333,-0.1666666666666666,-0.1666666666666666,-0.4132171720266342,-0.373206116259098,-0.34187857806682587,-0.3105510398745537,-0.2250081077218055,-0.4219377562403679,0.5,0.5,-0.17499999999999993,-0.85,0.6,-0.2,-0.22194343440532682,-0.17956788991848627,-0.30024571561336516,-0.42092354130824405,-0.13447495487769442,-0.2605475512480736,-0.9911,-0.9903,-0.9698,-0.9884,-0.9883,-0.9872,0.0,-0.5333333333333333,0.1199999999999999,-0.2,-0.02,0.0,-0.7,-0.9,-0.875,-1.0,-1.0,-0.6,0.049843281507492,-0.074815034866333,0.3351721614599228,0.4012274593114853,0.2801040112972259,0.3291880786418915,0.5,0.65,-0.7,-0.6,-0.6,-0.3,-0.22825134369850159,-0.3696896736399332,-0.4179255677080155,-0.4774345081377029,-0.46563919774055484,-0.3116023842716217
2022-03-01,2022-06-01,2.66,2.59,2.51,2.45,2.3,2.31,2.28,2.28,-0.9517,-0.9465,-0.9413,-0.93435,-0.9274,-0.8807,0.0,0.0,0.0,0.0333333333333333,0.0666666666666666,0.0,-0.4166666666666667,-0.25,-0.0833333333333333,-0.0833333333333333,-0.0833333333333333,-0.1666666666666666,-0.4532282277941704,-0.4132171720266342,-0.373206116259098,-0.34187857806682587,-0.3105510398745537,-0.2250081077218055,0.5,0.5,0.5,-0.17499999999999993,-0.85,0.6,-0.26431897889216743,-0.22194343440532682,-0.17956788991848627,-0.30024571561336516,-0.42092354130824405,-0.13447495487769442,-0.9884,-0.9911,-0.9903,-0.9698,-0.9884,-0.9883,-0.5333333333333333,0.0,-0.5333333333333333,0.1199999999999999,-0.2,-0.02,-0.5833333333333334,-0.7,-0.9,-0.875,-1.0,-1.0,-0.1165373027324676,0.049843281507492,-0.074815034866333,0.3351721614599228,0.4012274593114853,0.2801040112972259,-0.3,0.5,0.65,-0.7,-0.6,-0.6,-0.5043207938798269,-0.22825134369850159,-0.3696896736399332,-0.4179255677080155,-0.4774345081377029,-0.46563919774055484
2022-04-01,2022-07-01,2.77,2.66,2.59,2.51,2.45,2.3,2.31,2.28,-0.9517,-0.9517,-0.9465,-0.9413,-0.93435,-0.9274,0.0666666666666666,0.0,0.0,0.0,0.0333333333333333,0.0666666666666666,-0.3125,-0.4166666666666667,-0.25,-0.0833333333333333,-0.0833333333333333,-0.0833333333333333,-0.2833098471164703,-0.4532282277941704,-0.4132171720266342,-0.373206116259098,-0.34187857806682587,-0.3105510398745537,0.85,0.5,0.5,0.5,-0.17499999999999993,-0.85,-0.12616863608996073,-0.26431897889216743,-0.22194343440532682,-0.17956788991848627,-0.30024571561336516,-0.42092354130824405,-0.9858,-0.9884,-0.9911,-0.9903,-0.9698,-0.9884,0.7,-0.5333333333333333,0.0,-0.5333333333333333,0.1199999999999999,-0.2,-0.875,-0.5833333333333334,-0.7,-0.9,-0.875,-1.0,0.3850856125354767,-0.1165373027324676,0.049843281507492,-0.074815034866333,0.3351721614599228,0.4012274593114853,-0.7,-0.3,0.5,0.65,-0.7,-0.6,-0.2951428774929047,-0.5043207938798269,-0.22825134369850159,-0.3696896736399332,-0.4179255677080155,-0.4774345081377029
2022-05-01,2022-08-01,2.83,2.72,2.66,2.59,2.51,2.45,2.3,2.31,-0.865,-0.9517,-0.9517,-0.9465,-0.9413,-0.93435,0.0958333333333333,0.0666666666666666,0.0,0.0,0.0,0.0333333333333333,-0.1919642857142857,-0.3125,-0.4166666666666667,-0.25,-0.0833333333333333,-0.0833333333333333,-0.3807175867259502,-0.2833098471164703,-0.4532282277941704,-0.4132171720266342,-0.373206116259098,-0.34187857806682587,0.55,0.85,0.5,0.5,0.5,-0.17499999999999993,-0.15836970782138052,-0.12616863608996073,-0.26431897889216743,-0.22194343440532682,-0.17956788991848627,-0.30024571561336516,-0.9858,-0.9858,-0.9884,-0.9911,-0.9903,-0.9698,0.4375,0.7,-0.5333333333333333,0.0,-0.5333333333333333,0.1199999999999999,-0.875,-0.875,-0.5833333333333334,-0.7,-0.9,-0.875,0.25622089207172394,0.3850856125354767,-0.1165373027324676,0.049843281507492,-0.074815034866333,0.3351721614599228,-0.5,-0.7,-0.3,0.5,0.65,-0.7,-0.3334158215856552,-0.2951428774929047,-0.5043207938798269,-0.22825134369850159,-0.3696896736399332,-0.4179255677080155
2022-06-01,2022-09-01,2.85,2.66,2.72,2.66,2.59,2.51,2.45,2.3,-0.7783,-0.865,-0.9517,-0.9517,-0.9465,-0.9413,0.125,0.0958333333333333,0.0666666666666666,0.0,0.0,0.0,-0.0714285714285714,-0.1919642857142857,-0.3125,-0.4166666666666667,-0.25,-0.0833333333333333,-0.4781253263354301,-0.3807175867259502,-0.2833098471164703,-0.4532282277941704,-0.4132171720266342,-0.373206116259098,0.25,0.55,0.85,0.5,0.5,0.5,-0.1905707795528003,-0.15836970782138052,-0.12616863608996073,-0.26431897889216743,-0.22194343440532682,-0.17956788991848627,-0.9858,-0.9858,-0.9858,-0.9884,-0.9911,-0.9903,0.175,0.4375,0.7,-0.5333333333333333,0.0,-0.5333333333333333,-0.875,-0.875,-0.875,-0.5833333333333334,-0.7,-0.9,0.1273561716079712,0.25622089207172394,0.3850856125354767,-0.1165373027324676,0.049843281507492,-0.074815034866333,-0.3,-0.5,-0.7,-0.3,0.5,0.65,-0.37168876567840575,-0.3334158215856552,-0.2951428774929047,-0.5043207938798269,-0.22825134369850159,-0.3696896736399332
2022-07-01,2022-10-01,2.96,2.77,2.66,2.72,2.66,2.59,2.51,2.45,-0.6808,-0.7783,-0.865,-0.9517,-0.9517,-0.9465,0.0238095238095238,0.125,0.0958333333333333,0.0666666666666666,0.0,0.0,-0.1428571428571428,-0.0714285714285714,-0.1919642857142857,-0.3125,-0.4166666666666667,-0.25,-0.4875472411513328,-0.4781253263354301,-0.3807175867259502,-0.2833098471164703,-0.4532282277941704,-0.4132171720266342,0.25,0.25,0.55,0.85,0.5,0.5,-0.20747897203979035,-0.1905707795528003,-0.15836970782138052,-0.12616863608996073,-0.26431897889216743,-0.22194343440532682,-0.98405,-0.9858,-0.9858,-0.9858,-0.9884,-0.9911,0.175,0.175,0.4375,0.7,-0.5333333333333333,0.0,-0.7375,-0.875,-0.875,-0.875,-0.5833333333333334,-0.7,0.1690821349620819,0.1273561716079712,0.25622089207172394,0.3850856125354767,-0.1165373027324676,0.049843281507492,-0.275,-0.3,-0.5,-0.7,-0.3,0.5,-0.33049357300758364,-0.37168876567840575,-0.3334158215856552,-0.2951428774929047,-0.5043207938798269,-0.22825134369850159
2022-08-01,2022-11-01,2.99,2.83,2.77,2.66,2.72,2.66,2.59,2.51,-0.7539499999999999,-0.6808,-0.7783,-0.865,-0.9517,-0.9517,0.0341269841269841,0.0238095238095238,0.125,0.0958333333333333,0.0666666666666666,0.0,-0.0401785714285714,-0.1428571428571428,-0.0714285714285714,-0.1919642857142857,-0.3125,-0.4166666666666667,-0.504801083356142,-0.4875472411513328,-0.4781253263354301,-0.3807175867259502,-0.2833098471164703,-0.4532282277941704,-0.30000000000000004,0.25,0.25,0.55,0.85,0.5,-0.3129605341315459,-0.20747897203979035,-0.1905707795528003,-0.15836970782138052,-0.12616863608996073,-0.26431897889216743,-0.9823,-0.98405,-0.9858,-0.9858,-0.9858,-0.9884,0.175,0.175,0.175,0.4375,0.7,-0.5333333333333333,-0.6,-0.7375,-0.875,-0.875,-0.875,-0.5833333333333334,0.2108080983161926,0.1690821349620819,0.1273561716079712,0.25622089207172394,0.3850856125354767,-0.1165373027324676,-0.25,-0.275,-0.3,-0.5,-0.7,-0.3,-0.2892983803367614,-0.33049357300758364,-0.37168876567840575,-0.3334158215856552,-0.2951428774929047,-0.5043207938798269
2022-09-01,2022-12-01,2.99,2.85,2.83,2.77,2.66,2.72,2.66,2.59,-0.8271,-0.7539499999999999,-0.6808,-0.7783,-0.865,-0.9517,0.0444444444444444,0.0341269841269841,0.0238095238095238,0.125,0.0958333333333333,0.0666666666666666,0.0625,-0.0401785714285714,-0.1428571428571428,-0.0714285714285714,-0.1919642857142857,-0.3125,-0.5220549255609512,-0.504801083356142,-0.4875472411513328,-0.4781253263354301,-0.3807175867259502,-0.2833098471164703,-0.85,-0.30000000000000004,0.25,0.25,0.55,0.85,-0.41844209622330136,-0.3129605341315459,-0.20747897203979035,-0.1905707795528003,-0.15836970782138052,-0.12616863608996073,-0.9846999999999999,-0.9823,-0.98405,-0.9858,-0.9858,-0.9858,0.175,0.175,0.175,0.175,0.4375,0.7,-0.8,-0.6,-0.7375,-0.875,-0.875,-0.875,0.29550204426050186,0.2108080983161926,0.1690821349620819,0.1273561716079712,0.25622089207172394,0.3850856125354767,-0.425,-0.25,-0.275,-0.3,-0.5,-0.7,-0.34783959114789964,-0.2892983803367614,-0.33049357300758364,-0.37168876567840575,-0.3334158215856552,-0.2951428774929047
2022-10-01,2023-01-01,3.15,2.96,2.85,2.83,2.77,2.66,2.72,2.66,-0.9022,-0.8271,-0.7539499999999999,-0.6808,-0.7783,-0.865,0.05,0.0444444444444444,0.0341269841269841,0.0238095238095238,0.125,0.0958333333333333,0.0,0.0625,-0.0401785714285714,-0.1428571428571428,-0.0714285714285714,-0.1919642857142857,-0.5388290137052536,-0.5220549255609512,-0.504801083356142,-0.4875472411513328,-0.4781253263354301,-0.3807175867259502,-0.3,-0.85,-0.30000000000000004,0.25,0.25,0.55,-0.3382058027410507,-0.41844209622330136,-0.3129605341315459,-0.20747897203979035,-0.1905707795528003,-0.15836970782138052,-0.9871,-0.9846999999999999,-0.9823,-0.98405,-0.9858,-0.9858,0.175,0.175,0.175,0.175,0.175,0.4375,-1.0,-0.8,-0.6,-0.7375,-0.875,-0.875,0.3801959902048111,0.29550204426050186,0.2108080983161926,0.1690821349620819,0.1273561716079712,0.25622089207172394,-0.6,-0.425,-0.25,-0.275,-0.3,-0.5,-0.4063808019590378,-0.34783959114789964,-0.2892983803367614,-0.33049357300758364,-0.37168876567840575,-0.3334158215856552
2022-11-01,2023-02-01,3.27,2.99,2.96,2.85,2.83,2.77,2.66,2.72,-0.7783,-0.9022,-0.8271,-0.7539499999999999,-0.6808,-0.7783,0.0,0.05,0.0444444444444444,0.0341269841269841,0.0238095238095238,0.125,0.25,0.0,0.0625,-0.0401785714285714,-0.1428571428571428,-0.0714285714285714,-0.4581205919384956,-0.5388290137052536,-0.5220549255609512,-0.504801083356142,-0.4875472411513328,-0.4781253263354301,0.25,-0.3,-0.85,-0.30000000000000004,0.25,0.25,-0.14728411838769911,-0.3382058027410507,-0.41844209622330136,-0.3129605341315459,-0.20747897203979035,-0.1905707795528003,-0.991,-0.9871,-0.9846999999999999,-0.9823,-0.98405,-0.9858,0.1399999999999999,0.175,0.175,0.175,0.175,0.175,-0.75,-1.0,-0.8,-0.6,-0.7375,-0.875,0.4297092705965042,0.3801959902048111,0.29550204426050186,0.2108080983161926,0.1690821349620819,0.1273561716079712,0.65,-0.6,-0.425,-0.25,-0.275,-0.3,-0.10425814588069915,-0.4063808019590378,-0.34783959114789964,-0.2892983803367614,-0.33049357300758364,-0.37168876567840575
2022-12-01,2023-03-01,3.26,2.99,2.99,2.96,2.85,2.83,2.77,2.66,-0.8432,-0.7783,-0.9022,-0.8271,-0.7539499999999999,-0.6808,0.0,0.0,0.05,0.0444444444444444,0.0341269841269841,0.0238095238095238,0.0625,0.25,0.0,0.0625,-0.0401785714285714,-0.1428571428571428,-0.5036462657153606,-0.4581205919384956,-0.5388290137052536,-0.5220549255609512,-0.504801083356142,-0.4875472411513328,0.25,0.25,-0.3,-0.85,-0.30000000000000004,0.25,-0.2068692531430721,-0.14728411838769911,-0.3382058027410507,-0.41844209622330136,-0.3129605341315459,-0.20747897203979035,-0.9911,-0.991,-0.9871,-0.9846999999999999,-0.9823,-0.98405,0.0,0.1399999999999999,0.175,0.175,0.175,0.175,-1.0,-0.75,-1.0,-0.8,-0.6,-0.7375,0.2363156974315643,0.4297092705965042,0.3801959902048111,0.29550204426050186,0.2108080983161926,0.1690821349620819,-0.3,0.65,-0.6,-0.425,-0.25,-0.275,-0.4109568605136871,-0.10425814588069915,-0.4063808019590378,-0.34783959114789964,-0.2892983803367614,-0.33049357300758364
2023-01-01,2023-04-01,3.45,3.15,2.99,2.99,2.96,2.85,2.83,2.77,-0.9081,-0.8432,-0.7783,-0.9022,-0.8271,-0.7539499999999999,0.0,0.0,0.0,0.05,0.0444444444444444,0.0341269841269841,-0.125,0.0625,0.25,0.0,0.0625,-0.0401785714285714,-0.5491719394922256,-0.5036462657153606,-0.4581205919384956,-0.5388290137052536,-0.5220549255609512,-0.504801083356142,0.25,0.25,0.25,-0.3,-0.85,-0.30000000000000004,-0.26645438789844517,-0.2068692531430721,-0.14728411838769911,-0.3382058027410507,-0.41844209622330136,-0.3129605341315459,-0.992,-0.9911,-0.991,-0.9871,-0.9846999999999999,-0.9823,0.0,0.0,0.1399999999999999,0.175,0.175,0.175,-1.0,-1.0,-0.75,-1.0,-0.8,-0.6,0.2370505928993225,0.2363156974315643,0.4297092705965042,0.3801959902048111,0.29550204426050186,0.2108080983161926,-0.6,-0.3,0.65,-0.6,-0.425,-0.25,-0.47098988142013554,-0.4109568605136871,-0.10425814588069915,-0.4063808019590378,-0.34783959114789964,-0.2892983803367614
2023-02-01,2023-05-01,3.55,3.27,3.15,2.99,2.99,2.96,2.85,2.83,-0.8944000000000001,-0.9081,-0.8432,-0.7783,-0.9022,-0.8271,0.0,0.0,0.0,0.0,0.05,0.0444444444444444,-0.1875,-0.125,0.0625,0.25,0.0,0.0625,-0.5374139063060284,-0.5491719394922256,-0.5036462657153606,-0.4581205919384956,-0.5388290137052536,-0.5220549255609512,0.25,0.25,0.25,0.25,-0.3,-0.85,-0.27386278126120567,-0.26645438789844517,-0.2068692531430721,-0.14728411838769911,-0.3382058027410507,-0.41844209622330136,-0.9923,-0.992,-0.9911,-0.991,-0.9871,-0.9846999999999999,0.2333333333333333,0.0,0.0,0.1399999999999999,0.175,0.175,-1.0,-1.0,-1.0,-0.75,-1.0,-0.8,-0.0765484273433685,0.2370505928993225,0.2363156974315643,0.4297092705965042,0.3801959902048111,0.29550204426050186,-0.3,-0.6,-0.3,0.65,-0.6,-0.425,-0.427103018802007,-0.47098988142013554,-0.4109568605136871,-0.10425814588069915,-0.4063808019590378,-0.34783959114789964
2023-03-01,2023-06-01,3.51,3.26,3.27,3.15,2.99,2.99,2.96,2.85,-0.8807,-0.8944000000000001,-0.9081,-0.8432,-0.7783,-0.9022,0.0,0.0,0.0,0.0,0.0,0.05,-0.25,-0.1875,-0.125,0.0625,0.25,0.0,-0.5256558731198311,-0.5374139063060284,-0.5491719394922256,-0.5036462657153606,-0.4581205919384956,-0.5388290137052536,0.25,0.25,0.25,0.25,0.25,-0.3,-0.2812711746239662,-0.27386278126120567,-0.26645438789844517,-0.2068692531430721,-0.14728411838769911,-0.3382058027410507,-0.9843,-0.9923,-0.992,-0.9911,-0.991,-0.9871,-0.2666666666666666,0.2333333333333333,0.0,0.0,0.1399999999999999,0.175,-0.7142857142857143,-1.0,-1.0,-1.0,-0.75,-1.0,-0.0851128697395324,-0.0765484273433685,0.2370505928993225,0.2363156974315643,0.4297092705965042,0.3801959902048111,0.7,-0.3,-0.6,-0.3,0.65,-0.6,-0.2700730501383827,-0.427103018802007,-0.47098988142013554,-0.4109568605136871,-0.10425814588069915,-0.4063808019590378
2023-04-01,2023-07-01,3.54,3.45,3.26,3.27,3.15,2.99,2.99,2.96,-0.6808,-0.8807,-0.8944000000000001,-0.9081,-0.8432,-0.7783,0.0,0.0,0.0,0.0,0.0,0.0,-0.1875,-0.25,-0.1875,-0.125,0.0625,0.25,-0.4595351368188858,-0.5256558731198311,-0.5374139063060284,-0.5491719394922256,-0.5036462657153606,-0.4581205919384956,0.25,0.25,0.25,0.25,0.25,0.25,-0.21556702736377717,-0.2812711746239662,-0.27386278126120567,-0.26645438789844517,-0.2068692531430721,-0.14728411838769911,-0.9884,-0.9843,-0.9923,-0.992,-0.9911,-0.991,-0.2,-0.2666666666666666,0.2333333333333333,0.0,0.0,0.1399999999999999,-1.0,-0.7142857142857143,-1.0,-1.0,-1.0,-0.75,0.0194492936134338,-0.0851128697395324,-0.0765484273433685,0.2370505928993225,0.2363156974315643,0.4297092705965042,-0.2,0.7,-0.3,-0.6,-0.3,0.65,-0.4737901412773132,-0.2700730501383827,-0.427103018802007,-0.47098988142013554,-0.4109568605136871,-0.10425814588069915
2023-05-01,2023-08-01,3.51,3.55,3.45,3.26,3.27,3.15,2.99,2.99,-0.7295499999999999,-0.6808,-0.8807,-0.8944000000000001,-0.9081,-0.8432,0.0,0.0,0.0,0.0,0.0,0.0,-0.1875,-0.1875,-0.25,-0.1875,-0.125,0.0625,-0.3994363211095333,-0.4595351368188858,-0.5256558731198311,-0.5374139063060284,-0.5491719394922256,-0.5036462657153606,0.3,0.25,0.25,0.25,0.25,0.25,-0.20329726422190664,-0.21556702736377717,-0.2812711746239662,-0.27386278126120567,-0.26645438789844517,-0.2068692531430721,-0.9843,-0.9884,-0.9843,-0.9923,-0.992,-0.9911,0.0,-0.2,-0.2666666666666666,0.2333333333333333,0.0,0.0,-0.8,-1.0,-0.7142857142857143,-1.0,-1.0,-1.0,0.3034857809543609,0.0194492936134338,-0.0851128697395324,-0.0765484273433685,0.2370505928993225,0.2363156974315643,0.65,-0.2,0.7,-0.3,-0.6,-0.3,-0.1661628438091278,-0.4737901412773132,-0.2700730501383827,-0.427103018802007,-0.47098988142013554,-0.4109568605136871
2023-06-01,2023-09-01,3.44,3.51,3.55,3.45,3.26,3.27,3.15,2.99,-0.7783,-0.7295499999999999,-0.6808,-0.8807,-0.8944000000000001,-0.9081,0.0,0.0,0.0,0.0,0.0,0.0,-0.1875,-0.1875,-0.1875,-0.25,-0.1875,-0.125,-0.3393375054001808,-0.3994363211095333,-0.4595351368188858,-0.5256558731198311,-0.5374139063060284,-0.5491719394922256,0.35,0.3,0.25,0.25,0.25,0.25,-0.19102750108003616,-0.20329726422190664,-0.21556702736377717,-0.2812711746239662,-0.27386278126120567,-0.26645438789844517,-0.9859,-0.9843,-0.9884,-0.9843,-0.9923,-0.992,-0.2,0.0,-0.2,-0.2666666666666666,0.2333333333333333,0.0,-0.9,-0.8,-1.0,-0.7142857142857143,-1.0,-1.0,-0.2357870638370514,0.3034857809543609,0.0194492936134338,-0.0851128697395324,-0.0765484273433685,0.2370505928993225,-0.3,0.65,-0.2,0.7,-0.3,-0.6,-0.5243374127674103,-0.1661628438091278,-0.4737901412773132,-0.2700730501383827,-0.427103018802007,-0.47098988142013554
2023-07-01,2023-10-01,3.46,3.54,3.51,3.55,3.45,3.26,3.27,3.15,-0.8807,-0.7783,-0.7295499999999999,-0.6808,-0.8807,-0.8944000000000001,0.0,0.0,0.0,0.0,0.0,0.0,-0.125,-0.1875,-0.1875,-0.1875,-0.25,-0.1875,-0.3984004482626915,-0.3393375054001808,-0.3994363211095333,-0.4595351368188858,-0.5256558731198311,-0.5374139063060284,0.25,0.35,0.3,0.25,0.25,0.25,-0.2308200896525383,-0.19102750108003616,-0.20329726422190664,-0.21556702736377717,-0.2812711746239662,-0.27386278126120567,-0.9883,-0.9859,-0.9843,-0.9884,-0.9843,-0.9923,-0.0166666666666666,-0.2,0.0,-0.2,-0.2666666666666666,0.2333333333333333,-1.0,-0.9,-0.8,-1.0,-0.7142857142857143,-1.0,-0.3087507784366607,-0.2357870638370514,0.3034857809543609,0.0194492936134338,-0.0851128697395324,-0.0765484273433685,-0.5,-0.3,0.65,-0.2,0.7,-0.3,-0.5627434890206654,-0.5243374127674103,-0.1661628438091278,-0.4737901412773132,-0.2700730501383827,-0.427103018802007
2023-08-01,2023-11-01,3.43,3.51,3.54,3.51,3.55,3.45,3.26,3.27,-0.8807,-0.8807,-0.7783,-0.7295499999999999,-0.6808,-0.8807,0.02777777777777775,0.0,0.0,0.0,0.0,0.0,-0.25,-0.125,-0.1875,-0.1875,-0.1875,-0.25,-0.3578913286328316,-0.3984004482626915,-0.3393375054001808,-0.3994363211095333,-0.4595351368188858,-0.5256558731198311,0.475,0.25,0.35,0.3,0.25,0.25,-0.19716271017101078,-0.2308200896525383,-0.19102750108003616,-0.20329726422190664,-0.21556702736377717,-0.2812711746239662,-0.9872,-0.9883,-0.9859,-0.9843,-0.9884,-0.9843,0.0,-0.0166666666666666,-0.2,0.0,-0.2,-0.2666666666666666,-0.9,-1.0,-0.9,-0.8,-1.0,-0.7142857142857143,0.0846551954746246,-0.3087507784366607,-0.2357870638370514,0.3034857809543609,0.0194492936134338,-0.0851128697395324,-0.3,-0.5,-0.3,0.65,-0.2,0.7,-0.42050896090507506,-0.5627434890206654,-0.5243374127674103,-0.1661628438091278,-0.4737901412773132,-0.2700730501383827
2023-09-01,2023-12-01,3.18,3.44,3.51,3.54,3.51,3.55,3.45,3.26,-0.8807,-0.8807,-0.8807,-0.7783,-0.7295499999999999,-0.6808,0.0555555555555555,0.02777777777777775,0.0,0.0,0.0,0.0,-0.375,-0.25,-0.125,-0.1875,-0.1875,-0.1875,-0.3173822090029716,-0.3578913286328316,-0.3984004482626915,-0.3393375054001808,-0.3994363211095333,-0.4595351368188858,0.7,0.475,0.25,0.35,0.3,0.25,-0.16350533068948328,-0.19716271017101078,-0.2308200896525383,-0.19102750108003616,-0.20329726422190664,-0.21556702736377717,-0.9796,-0.9872,-0.9883,-0.9859,-0.9843,-0.9884,0.0,0.0,-0.0166666666666666,-0.2,0.0,-0.2,-1.0,-0.9,-1.0,-0.9,-0.8,-1.0,-0.1198101639747619,0.0846551954746246,-0.3087507784366607,-0.2357870638370514,0.3034857809543609,0.0194492936134338,-0.5,-0.3,-0.5,-0.3,0.65,-0.2,-0.5198820327949524,-0.42050896090507506,-0.5627434890206654,-0.5243374127674103,-0.1661628438091278,-0.4737901412773132
2023-10-01,2024-01-01,3.26,3.46,3.44,3.51,3.54,3.51,3.55,3.45,-0.8402,-0.8807,-0.8807,-0.8807,-0.7783,-0.7295499999999999,0.0555555555555555,0.0555555555555555,0.02777777777777775,0.0,0.0,0.0,-0.25,-0.375,-0.25,-0.125,-0.1875,-0.1875,-0.4009357690811157,-0.3173822090029716,-0.3578913286328316,-0.3984004482626915,-0.3393375054001808,-0.3994363211095333,0.5,0.7,0.475,0.25,0.35,0.3,-0.18711604270511203,-0.16350533068948328,-0.19716271017101078,-0.2308200896525383,-0.19102750108003616,-0.20329726422190664,-0.9868,-0.9796,-0.9872,-0.9883,-0.9859,-0.9843,0.1399999999999999,0.0,0.0,-0.0166666666666666,-0.2,0.0,-1.0,-1.0,-0.9,-1.0,-0.9,-0.8,0.1697211861610412,-0.1198101639747619,0.0846551954746246,-0.3087507784366607,-0.2357870638370514,0.3034857809543609,-0.15,-0.5,-0.3,-0.5,-0.3,0.65,-0.36541576276779175,-0.5198820327949524,-0.42050896090507506,-0.5627434890206654,-0.5243374127674103,-0.1661628438091278
2023-11-01,2024-02-01,3.26,3.43,3.46,3.44,3.51,3.54,3.51,3.55,-0.7605,-0.8402,-0.8807,-0.8807,-0.8807,-0.7783,0.0555555555555555,0.0555555555555555,0.0555555555555555,0.02777777777777775,0.0,0.0,-0.1875,-0.25,-0.375,-0.25,-0.125,-0.1875,-0.4304377995431423,-0.4009357690811157,-0.3173822090029716,-0.3578913286328316,-0.3984004482626915,-0.3393375054001808,0.09999999999999998,0.5,0.7,0.475,0.25,0.35,-0.24457644879751736,-0.18711604270511203,-0.16350533068948328,-0.19716271017101078,-0.2308200896525383,-0.19102750108003616,-0.9894,-0.9868,-0.9796,-0.9872,-0.9883,-0.9859,0.0,0.1399999999999999,0.0,0.0,-0.0166666666666666,-0.2,-0.9,-1.0,-1.0,-0.9,-1.0,-0.9,0.0871988832950592,0.1697211861610412,-0.1198101639747619,0.0846551954746246,-0.3087507784366607,-0.2357870638370514,-0.3,-0.15,-0.5,-0.3,-0.5,-0.3,-0.4204402233409882,-0.36541576276779175,-0.5198820327949524,-0.42050896090507506,-0.5627434890206654,-0.5243374127674103
2023-12-01,2024-03-01,3.2,3.18,3.43,3.46,3.44,3.51,3.54,3.51,-0.6808,-0.7605,-0.8402,-0.8807,-0.8807,-0.8807,0.0555555555555555,0.0555555555555555,0.0555555555555555,0.0555555555555555,0.02777777777777775,0.0,-0.125,-0.1875,-0.25,-0.375,-0.25,-0.125,-0.4599398300051689,-0.4304377995431423,-0.4009357690811157,-0.3173822090029716,-0.3578913286328316,-0.3984004482626915,-0.3,0.09999999999999998,0.5,0.7,0.475,0.25,-0.3020368548899227,-0.24457644879751736,-0.18711604270511203,-0.16350533068948328,-0.19716271017101078,-0.2308200896525383,-0.9823,-0.9894,-0.9868,-0.9796,-0.9872,-0.9883,0.175,0.0,0.1399999999999999,0.0,0.0,-0.0166666666666666,-1.0,-0.9,-1.0,-1.0,-0.9,-1.0,-0.5362509340047836,0.0871988832950592,0.1697211861610412,-0.1198101639747619,0.0846551954746246,-0.3087507784366607,-0.5,-0.3,-0.15,-0.5,-0.3,-0.5,-0.5687101868009566,-0.4204402233409882,-0.36541576276779175,-0.5198820327949524,-0.42050896090507506,-0.5627434890206654
2024-01-01,2024-04-01,3.24,3.26,3.18,3.43,3.46,3.44,3.51,3.54,-0.69705,-0.6808,-0.7605,-0.8402,-0.8807,-0.8807,0.046296296296296245,0.0555555555555555,0.0555555555555555,0.0555555555555555,0.0555555555555555,0.02777777777777775,-0.125,-0.125,-0.1875,-0.25,-0.375,-0.25,-0.4443669319152832,-0.4599398300051689,-0.4304377995431423,-0.4009357690811157,-0.3173822090029716,-0.3578913286328316,-0.12499999999999997,-0.3,0.09999999999999998,0.5,0.7,0.475,-0.26902412712379736,-0.3020368548899227,-0.24457644879751736,-0.18711604270511203,-0.16350533068948328,-0.19716271017101078,-0.9902,-0.9823,-0.9894,-0.9868,-0.9796,-0.9872,-0.0142857142857143,0.175,0.0,0.1399999999999999,0.0,0.0,-0.8,-1.0,-0.9,-1.0,-1.0,-0.9,0.102081298828125,-0.5362509340047836,0.0871988832950592,0.1697211861610412,-0.1198101639747619,0.0846551954746246,-0.3,-0.5,-0.3,-0.15,-0.5,-0.3,-0.4004808830915178,-0.5687101868009566,-0.4204402233409882,-0.36541576276779175,-0.5198820327949524,-0.42050896090507506
2024-02-01,2024-05-01,3.26,3.26,3.26,3.18,3.43,3.46,3.44,3.51,-0.7132999999999999,-0.69705,-0.6808,-0.7605,-0.8402,-0.8807,0.03703703703703699,0.046296296296296245,0.0555555555555555,0.0555555555555555,0.0555555555555555,0.0555555555555555,-0.125,-0.125,-0.125,-0.1875,-0.25,-0.375,-0.4287940338253975,-0.4443669319152832,-0.4599398300051689,-0.4304377995431423,-0.4009357690811157,-0.3173822090029716,0.050000000000000044,-0.12499999999999997,-0.3,0.09999999999999998,0.5,0.7,-0.2360113993576721,-0.26902412712379736,-0.3020368548899227,-0.24457644879751736,-0.18711604270511203,-0.16350533068948328,-0.9929,-0.9902,-0.9823,-0.9894,-0.9868,-0.9796,0.175,-0.0142857142857143,0.175,0.0,0.1399999999999999,0.0,-0.5,-0.8,-1.0,-0.9,-1.0,-1.0,0.1177453696727752,0.102081298828125,-0.5362509340047836,0.0871988832950592,0.1697211861610412,-0.1198101639747619,-0.65,-0.3,-0.5,-0.3,-0.15,-0.5,-0.37003092606544497,-0.4004808830915178,-0.5687101868009566,-0.4204402233409882,-0.36541576276779175,-0.5198820327949524
2024-03-01,2024-06-01,3.17,3.2,3.26,3.26,3.18,3.43,3.46,3.44,-0.7295499999999999,-0.7132999999999999,-0.69705,-0.6808,-0.7605,-0.8402,0.02777777777777775,0.03703703703703699,0.046296296296296245,0.0555555555555555,0.0555555555555555,0.0555555555555555,-0.125,-0.125,-0.125,-0.125,-0.1875,-0.25,-0.4132211357355118,-0.4287940338253975,-0.4443669319152832,-0.4599398300051689,-0.4304377995431423,-0.4009357690811157,0.22500000000000003,0.050000000000000044,-0.12499999999999997,-0.3,0.09999999999999998,0.5,-0.20299867159154675,-0.2360113993576721,-0.26902412712379736,-0.3020368548899227,-0.24457644879751736,-0.18711604270511203,-0.9883,-0.9929,-0.9902,-0.9823,-0.9894,-0.9868,-0.0333333333333333,0.175,-0.0142857142857143,0.175,0.0,0.1399999999999999,-0.9,-0.5,-0.8,-1.0,-0.9,-1.0,-0.2645934224128723,0.1177453696727752,0.102081298828125,-0.5362509340047836,0.0871988832950592,0.1697211861610412,0.2,-0.65,-0.3,-0.5,-0.3,-0.15,-0.39724535114924114,-0.37003092606544497,-0.4004808830915178,-0.5687101868009566,-0.4204402233409882,-0.36541576276779175
2024-04-01,2024-07-01,3.17,3.24,3.2,3.26,3.26,3.18,3.43,3.46,-0.7458,-0.7295499999999999,-0.7132999999999999,-0.69705,-0.6808,-0.7605,0.018518518518518497,0.02777777777777775,0.03703703703703699,0.046296296296296245,0.0555555555555555,0.0555555555555555,-0.125,-0.125,-0.125,-0.125,-0.125,-0.1875,-0.397648237645626,-0.4132211357355118,-0.4287940338253975,-0.4443669319152832,-0.4599398300051689,-0.4304377995431423,0.4000000000000001,0.22500000000000003,0.050000000000000044,-0.12499999999999997,-0.3,0.09999999999999998,-0.16998594382542148,-0.20299867159154675,-0.2360113993576721,-0.26902412712379736,-0.3020368548899227,-0.24457644879751736,-0.9914,-0.9883,-0.9929,-0.9902,-0.9823,-0.9894,0.0,-0.0333333333333333,0.175,-0.0142857142857143,0.175,0.0,-0.9,-0.9,-0.5,-0.8,-1.0,-0.9,-0.206149011850357,-0.2645934224128723,0.1177453696727752,0.102081298828125,-0.5362509340047836,0.0871988832950592,-0.1,0.2,-0.65,-0.3,-0.5,-0.3,-0.4395098023700714,-0.39724535114924114,-0.37003092606544497,-0.4004808830915178,-0.5687101868009566,-0.4204402233409882
2024-05-01,2024-08-01,3.21,3.26,3.24,3.2,3.26,3.26,3.18,3.43,-0.76205,-0.7458,-0.7295499999999999,-0.7132999999999999,-0.69705,-0.6808,0.009259259259259245,0.018518518518518497,0.02777777777777775,0.03703703703703699,0.046296296296296245,0.0555555555555555,-0.125,-0.125,-0.125,-0.125,-0.125,-0.125,-0.3820753395557403,-0.397648237645626,-0.4132211357355118,-0.4287940338253975,-0.4443669319152832,-0.4599398300051689,0.5750000000000002,0.4000000000000001,0.22500000000000003,0.050000000000000044,-0.12499999999999997,-0.3,-0.1369732160592962,-0.16998594382542148,-0.20299867159154675,-0.2360113993576721,-0.26902412712379736,-0.3020368548899227,-0.9843,-0.9914,-0.9883,-0.9929,-0.9902,-0.9823,0.0,0.0,-0.0333333333333333,0.175,-0.0142857142857143,0.175,-0.9285714285714286,-0.9,-0.9,-0.5,-0.8,-1.0,0.1134106814861297,-0.206149011850357,-0.2645934224128723,0.1177453696727752,0.102081298828125,-0.5362509340047836,-0.6,-0.1,0.2,-0.65,-0.3,-0.5,-0.47989214941705977,-0.4395098023700714,-0.39724535114924114,-0.37003092606544497,-0.4004808830915178,-0.5687101868009566
2024-06-01,2024-09-01,3.22,3.17,3.26,3.24,3.2,3.26,3.26,3.18,-0.7783,-0.76205,-0.7458,-0.7295499999999999,-0.7132999999999999,-0.69705,0.0,0.009259259259259245,0.018518518518518497,0.02777777777777775,0.03703703703703699,0.046296296296296245,-0.125,-0.125,-0.125,-0.125,-0.125,-0.125,-0.3665024414658546,-0.3820753395557403,-0.397648237645626,-0.4132211357355118,-0.4287940338253975,-0.4443669319152832,0.75,0.5750000000000002,0.4000000000000001,0.22500000000000003,0.050000000000000044,-0.12499999999999997,-0.10396048829317092,-0.1369732160592962,-0.16998594382542148,-0.20299867159154675,-0.2360113993576721,-0.26902412712379736,-0.9894,-0.9843,-0.9914,-0.9883,-0.9929,-0.9902,0.0,0.0,0.0,-0.0333333333333333,0.175,-0.0142857142857143,-0.7142857142857143,-0.9285714285714286,-0.9,-0.9,-0.5,-0.8,-0.287471130490303,0.1134106814861297,-0.206149011850357,-0.2645934224128723,0.1177453696727752,0.102081298828125,-0.2,-0.6,-0.1,0.2,-0.65,-0.3,-0.4382313689552035,-0.47989214941705977,-0.4395098023700714,-0.39724535114924114,-0.37003092606544497,-0.4004808830915178
2024-07-01,2024-10-01,3.17,3.17,3.17,3.26,3.24,3.2,3.26,3.26,-0.6808,-0.7783,-0.76205,-0.7458,-0.7295499999999999,-0.7132999999999999,0.0,0.0,0.009259259259259245,0.018518518518518497,0.02777777777777775,0.03703703703703699,-0.25,-0.125,-0.125,-0.125,-0.125,-0.125,-0.4426478296518326,-0.3665024414658546,-0.3820753395557403,-0.397648237645626,-0.4132211357355118,-0.4287940338253975,-0.35,0.75,0.5750000000000002,0.4000000000000001,0.22500000000000003,0.050000000000000044,-0.34468956593036654,-0.10396048829317092,-0.1369732160592962,-0.16998594382542148,-0.20299867159154675,-0.2360113993576721,-0.9911,-0.9894,-0.9843,-0.9914,-0.9883,-0.9929,0.0,0.0,0.0,0.0,-0.0333333333333333,0.175,-0.8571428571428571,-0.7142857142857143,-0.9285714285714286,-0.9,-0.9,-0.5,0.2013833224773407,-0.287471130490303,0.1134106814861297,-0.206149011850357,-0.2645934224128723,0.1177453696727752,-0.2,-0.2,-0.6,-0.1,0.2,-0.65,-0.3693719069331033,-0.4382313689552035,-0.47989214941705977,-0.4395098023700714,-0.39724535114924114,-0.37003092606544497
2024-08-01,2024-11-01,3.14,3.21,3.17,3.17,3.26,3.24,3.2,3.26,-0.6808,-0.6808,-0.7783,-0.76205,-0.7458,-0.7295499999999999,-0.0833333333333333,0.0,0.0,0.009259259259259245,0.018518518518518497,0.02777777777777775,-0.375,-0.25,-0.125,-0.125,-0.125,-0.125,-0.3843616396188736,-0.4426478296518326,-0.3665024414658546,-0.3820753395557403,-0.397648237645626,-0.4132211357355118,0.25,-0.35,0.75,0.5750000000000002,0.4000000000000001,0.22500000000000003,-0.2546989945904413,-0.34468956593036654,-0.10396048829317092,-0.1369732160592962,-0.16998594382542148,-0.20299867159154675,-0.9883,-0.9911,-0.9894,-0.9843,-0.9914,-0.9883,0.175,0.0,0.0,0.0,0.0,-0.0333333333333333,-0.9375,-0.8571428571428571,-0.7142857142857143,-0.9285714285714286,-0.9,-0.9,0.011128693819046,0.2013833224773407,-0.287471130490303,0.1134106814861297,-0.206149011850357,-0.2645934224128723,-0.7,-0.2,-0.2,-0.6,-0.1,0.2,-0.4879342612361908,-0.3693719069331033,-0.4382313689552035,-0.47989214941705977,-0.4395098023700714,-0.39724535114924114
2024-09-01,2024-12-01,2.95,3.22,3.21,3.17,3.17,3.26,3.24,3.2,-0.7605,-0.6808,-0.6808,-0.7783,-0.76205,-0.7458,-0.04166666666666665,-0.0833333333333333,0.0,0.0,0.009259259259259245,0.018518518518518497,-0.34375,-0.375,-0.25,-0.125,-0.125,-0.125,-0.4091206341981888,-0.3843616396188736,-0.4426478296518326,-0.3665024414658546,-0.3820753395557403,-0.397648237645626,-0.2,0.25,-0.35,0.75,0.5750000000000002,0.4000000000000001,-0.351007460172971,-0.2546989945904413,-0.34468956593036654,-0.10396048829317092,-0.1369732160592962,-0.16998594382542148,-0.9871,-0.9883,-0.9911,-0.9894,-0.9843,-0.9914,0.175,0.175,0.0,0.0,0.0,0.0,-1.0,-0.9375,-0.8571428571428571,-0.7142857142857143,-0.9285714285714286,-0.9,-0.1292155683040619,0.011128693819046,0.2013833224773407,-0.287471130490303,0.1134106814861297,-0.206149011850357,-0.2,-0.7,-0.2,-0.2,-0.6,-0.1,-0.42826311366081243,-0.4879342612361908,-0.3693719069331033,-0.4382313689552035,-0.47989214941705977,-0.4395098023700714
2024-10-01,2025-01-01,3.19,3.17,3.22,3.21,3.17,3.17,3.26,3.24,-0.8402,-0.7605,-0.6808,-0.6808,-0.7783,-0.76205,0.0,-0.04166666666666665,-0.0833333333333333,0.0,0.0,0.009259259259259245,-0.3125,-0.34375,-0.375,-0.25,-0.125,-0.125,-0.4338796287775039,-0.4091206341981888,-0.3843616396188736,-0.4426478296518326,-0.3665024414658546,-0.3820753395557403,-0.65,-0.2,0.25,-0.35,0.75,0.5750000000000002,-0.4473159257555007,-0.351007460172971,-0.2546989945904413,-0.34468956593036654,-0.10396048829317092,-0.1369732160592962,-0.9877,-0.9871,-0.9883,-0.9911,-0.9894,-0.9843,0.0,0.175,0.175,0.0,0.0,0.0,-0.5625,-1.0,-0.9375,-0.8571428571428571,-0.7142857142857143,-0.9285714285714286,0.0840983986854553,-0.1292155683040619,0.011128693819046,0.2013833224773407,-0.287471130490303,0.1134106814861297,-0.6,-0.2,-0.7,-0.2,-0.2,-0.6,-0.4132203202629089,-0.42826311366081243,-0.4879342612361908,-0.3693719069331033,-0.4382313689552035,-0.47989214941705977
2024-11-01,2025-02-01,3.26,3.14,3.17,3.22,3.21,3.17,3.17,3.26,-0.8402,-0.8402,-0.7605,-0.6808,-0.6808,-0.7783,0.0,0.0,-0.04166666666666665,-0.0833333333333333,0.0,0.0,-0.3125,-0.3125,-0.34375,-0.375,-0.25,-0.125,-0.43189555779099464,-0.4338796287775039,-0.4091206341981888,-0.3843616396188736,-0.4426478296518326,-0.3665024414658546,-0.675,-0.65,-0.2,0.25,-0.35,0.75,-0.45191911155819897,-0.4473159257555007,-0.351007460172971,-0.2546989945904413,-0.34468956593036654,-0.10396048829317092,-0.9906,-0.9877,-0.9871,-0.9883,-0.9911,-0.9894,0.0,0.0,0.175,0.175,0.0,0.0,-1.0,-0.5625,-1.0,-0.9375,-0.8571428571428571,-0.7142857142857143,-0.1105339527130127,0.0840983986854553,-0.1292155683040619,0.011128693819046,0.2013833224773407,-0.287471130490303,-0.2,-0.6,-0.2,-0.7,-0.2,-0.2,-0.4602267905426026,-0.4132203202629089,-0.42826311366081243,-0.4879342612361908,-0.3693719069331033,-0.4382313689552035
2024-12-01,2025-03-01,3.28,2.95,3.14,3.17,3.22,3.21,3.17,3.17,-0.8402,-0.8402,-0.8402,-0.7605,-0.6808,-0.6808,0.0,0.0,0.0,-0.04166666666666665,-0.0833333333333333,0.0,-0.3125,-0.3125,-0.3125,-0.34375,-0.375,-0.25,-0.4299114868044853,-0.43189555779099464,-0.4338796287775039,-0.4091206341981888,-0.3843616396188736,-0.4426478296518326,-0.7,-0.675,-0.65,-0.2,0.25,-0.35,-0.456522297360897,-0.45191911155819897,-0.4473159257555007,-0.351007460172971,-0.2546989945904413,-0.34468956593036654,-0.9871,-0.9906,-0.9877,-0.9871,-0.9883,-0.9911,0.35,0.0,0.0,0.175,0.175,0.0,-1.0,-1.0,-0.5625,-1.0,-0.9375,-0.8571428571428571,-0.0430548787117004,-0.1105339527130127,0.0840983986854553,-0.1292155683040619,0.011128693819046,0.2013833224773407,-0.25,-0.2,-0.6,-0.2,-0.7,-0.2,-0.3860309757423401,-0.4602267905426026,-0.4132203202629089,-0.42826311366081243,-0.4879342612361908,-0.3693719069331033
2025-01-01,2025-04-01,3.5,3.19,2.95,3.14,3.17,3.22,3.21,3.17,-0.6808,-0.8402,-0.8402,-0.8402,-0.7605,-0.6808,0.0,0.0,0.0,0.0,-0.04166666666666665,-0.0833333333333333,-0.3125,-0.3125,-0.3125,-0.3125,-0.34375,-0.375,-0.419498473405838,-0.4299114868044853,-0.43189555779099464,-0.4338796287775039,-0.4091206341981888,-0.3843616396188736,-0.7,-0.7,-0.675,-0.65,-0.2,0.25,-0.42255969468116755,-0.456522297360897,-0.45191911155819897,-0.4473159257555007,-0.351007460172971,-0.2546989945904413,-0.9913,-0.9871,-0.9906,-0.9877,-0.9871,-0.9883,0.7,0.35,0.0,0.0,0.175,0.175,-0.7142857142857143,-1.0,-1.0,-0.5625,-1.0,-0.9375,0.0192453563213348,-0.0430548787117004,-0.1105339527130127,0.0840983986854553,-0.1292155683040619,0.011128693819046,-0.15,-0.25,-0.2,-0.6,-0.2,-0.7,-0.22726807159287588,-0.3860309757423401,-0.4602267905426026,-0.4132203202629089,-0.42826311366081243,-0.4879342612361908
2025-02-01,2025-05-01,3.54,3.26,3.19,2.95,3.14,3.17,3.22,3.21,-0.5267,-0.6808,-0.8402,-0.8402,-0.8402,-0.7605,0.0555555555555555,0.0,0.0,0.0,0.0,-0.04166666666666665,-0.0625,-0.3125,-0.3125,-0.3125,-0.3125,-0.34375,-0.4025106132030487,-0.419498473405838,-0.4299114868044853,-0.43189555779099464,-0.4338796287775039,-0.4091206341981888,-0.7,-0.7,-0.7,-0.675,-0.65,-0.2,-0.3272310115294986,-0.42255969468116755,-0.456522297360897,-0.45191911155819897,-0.4473159257555007,-0.351007460172971,-0.9943,-0.9913,-0.9871,-0.9906,-0.9877,-0.9871,0.0999999999999999,0.7,0.35,0.0,0.0,0.175,-0.9166666666666666,-0.7142857142857143,-1.0,-1.0,-0.5625,-1.0,0.2042143046855926,0.0192453563213348,-0.0430548787117004,-0.1105339527130127,0.0840983986854553,-0.1292155683040619,-0.2,-0.15,-0.25,-0.2,-0.6,-0.2,-0.3613504723962148,-0.22726807159287588,-0.3860309757423401,-0.4602267905426026,-0.4132203202629089,-0.42826311366081243
2025-03-01,2025-06-01,3.57,3.28,3.26,3.19,2.95,3.14,3.17,3.22,-0.60375,-0.5267,-0.6808,-0.8402,-0.8402,-0.8402,-0.10555555555555554,0.0555555555555555,0.0,0.0,0.0,0.0,-0.09375,-0.0625,-0.3125,-0.3125,-0.3125,-0.3125,-0.3933356739580631,-0.4025106132030487,-0.419498473405838,-0.4299114868044853,-0.43189555779099464,-0.4338796287775039,-0.7,-0.7,-0.7,-0.7,-0.675,-0.65,-0.3792782459027237,-0.3272310115294986,-0.42255969468116755,-0.456522297360897,-0.45191911155819897,-0.4473159257555007,-0.9803,-0.9943,-0.9913,-0.9871,-0.9906,-0.9877,0.0,0.0999999999999999,0.7,0.35,0.0,0.0,-1.0,-0.9166666666666666,-0.7142857142857143,-1.0,-1.0,-0.5625,-0.5469308122992516,0.2042143046855926,0.0192453563213348,-0.0430548787117004,-0.1105339527130127,0.0840983986854553,-0.5,-0.2,-0.15,-0.25,-0.2,-0.6,-0.6054461624598503,-0.3613504723962148,-0.22726807159287588,-0.3860309757423401,-0.4602267905426026,-0.4132203202629089
2025-04-01,2025-07-01,3.77,3.5,3.28,3.26,3.19,2.95,3.14,3.17,-0.6808,-0.60375,-0.5267,-0.6808,-0.8402,-0.8402,-0.2666666666666666,-0.10555555555555554,0.0555555555555555,0.0,0.0,0.0,-0.125,-0.09375,-0.0625,-0.3125,-0.3125,-0.3125,-0.3841607347130775,-0.3933356739580631,-0.4025106132030487,-0.419498473405838,-0.4299114868044853,-0.43189555779099464,-0.7,-0.7,-0.7,-0.7,-0.7,-0.675,-0.4313254802759488,-0.3792782459027237,-0.3272310115294986,-0.42255969468116755,-0.456522297360897,-0.45191911155819897,-0.9888,-0.9803,-0.9943,-0.9913,-0.9871,-0.9906,0.0,0.0,0.0999999999999999,0.7,0.35,0.0,-1.0,-1.0,-0.9166666666666666,-0.7142857142857143,-1.0,-1.0,0.1647588014602661,-0.5469308122992516,0.2042143046855926,0.0192453563213348,-0.0430548787117004,-0.1105339527130127,-0.3,-0.5,-0.2,-0.15,-0.25,-0.2,-0.42480823970794673,-0.6054461624598503,-0.3613504723962148,-0.22726807159287588,-0.3860309757423401,-0.4602267905426026
2025-05-01,2025-08-01,3.95,3.54,3.5,3.28,3.26,3.19,2.95,3.14,-0.7295499999999999,-0.6808,-0.60375,-0.5267,-0.6808,-0.8402,-0.1333333333333333,-0.2666666666666666,-0.10555555555555554,0.0555555555555555,0.0,0.0,-0.09375,-0.125,-0.09375,-0.0625,-0.3125,-0.3125,-0.4046418145298958,-0.3841607347130775,-0.3933356739580631,-0.4025106132030487,-0.419498473405838,-0.4299114868044853,-0.7,-0.7,-0.7,-0.7,-0.7,-0.7,-0.4122550295726458,-0.4313254802759488,-0.3792782459027237,-0.3272310115294986,-0.42255969468116755,-0.456522297360897,-0.9744,-0.9888,-0.9803,-0.9943,-0.9913,-0.9871,0.0,0.0,0.0,0.0999999999999999,0.7,0.35,-0.9285714285714286,-1.0,-1.0,-0.9166666666666666,-0.7142857142857143,-1.0,0.1403308808803558,0.1647588014602661,-0.5469308122992516,0.2042143046855926,0.0192453563213348,-0.0430548787117004,-0.2,-0.3,-0.5,-0.2,-0.15,-0.25,-0.39252810953821454,-0.42480823970794673,-0.6054461624598503,-0.3613504723962148,-0.22726807159287588,-0.3860309757423401
2025-06-01,2025-09-01,3.91,3.57,3.54,3.5,3.28,3.26,3.19,2.95,-0.7783,-0.7295499999999999,-0.6808,-0.60375,-0.5267,-0.6808,0.0,-0.1333333333333333,-0.2666666666666666,-0.10555555555555554,0.0555555555555555,0.0,-0.0625,-0.09375,-0.125,-0.09375,-0.0625,-0.3125,-0.425122894346714,-0.4046418145298958,-0.3841607347130775,-0.3933356739580631,-0.4025106132030487,-0.419498473405838,-0.7,-0.7,-0.7,-0.7,-0.7,-0.7,-0.39318457886934277,-0.4122550295726458,-0.4313254802759488,-0.3792782459027237,-0.3272310115294986,-0.42255969468116755,-0.9903,-0.9744,-0.9888,-0.9803,-0.9943,-0.9913,0.0,0.0,0.0,0.0,0.0999999999999999,0.7,-1.0,-0.9285714285714286,-1.0,-1.0,-0.9166666666666666,-0.7142857142857143,-0.0218099653720855,0.1403308808803558,0.1647588014602661,-0.5469308122992516,0.2042143046855926,0.0192453563213348,-0.2,-0.2,-0.3,-0.5,-0.2,-0.15,-0.44242199307441715,-0.39252810953821454,-0.42480823970794673,-0.6054461624598503,-0.3613504723962148,-0.22726807159287588
2025-07-01,2025-10-01,4.0,3.77,3.57,3.54,3.5,3.28,3.26,3.19,-0.7783,-0.7783,-0.7295499999999999,-0.6808,-0.60375,-0.5267,0.0555555555555555,0.0,-0.1333333333333333,-0.2666666666666666,-0.10555555555555554,0.0555555555555555,-0.0625,-0.0625,-0.09375,-0.125,-0.09375,-0.0625,-0.4596527367830276,-0.425122894346714,-0.4046418145298958,-0.3841607347130775,-0.3933356739580631,-0.4025106132030487,-0.7,-0.7,-0.7,-0.7,-0.7,-0.7,-0.3889794362454944,-0.39318457886934277,-0.4122550295726458,-0.4313254802759488,-0.3792782459027237,-0.3272310115294986,-0.9842,-0.9903,-0.9744,-0.9888,-0.9803,-0.9943,0.35,0.0,0.0,0.0,0.0,0.0999999999999999,-1.0,-1.0,-0.9285714285714286,-1.0,-1.0,-0.9166666666666666,0.1460609436035156,-0.0218099653720855,0.1403308808803558,0.1647588014602661,-0.5469308122992516,0.2042143046855926,-0.6,-0.2,-0.2,-0.3,-0.5,-0.2,-0.4176278112792969,-0.44242199307441715,-0.39252810953821454,-0.42480823970794673,-0.6054461624598503,-0.3613504723962148
2025-08-01,2025-11-01,4.05,3.95,3.77,3.57,3.54,3.5,3.28,3.26,-0.6808,-0.7783,-0.7783,-0.7295499999999999,-0.6808,-0.60375,0.0555555555555555,0.0555555555555555,0.0,-0.1333333333333333,-0.2666666666666666,-0.10555555555555554,-0.0625,-0.0625,-0.0625,-0.09375,-0.125,-0.09375,-0.4343466609716415,-0.4596527367830276,-0.425122894346714,-0.4046418145298958,-0.3841607347130775,-0.3933356739580631,-0.8,-0.7,-0.7,-0.7,-0.7,-0.7,-0.3844182210832172,-0.3889794362454944,-0.39318457886934277,-0.4122550295726458,-0.4313254802759488,-0.3792782459027237,-0.9803,-0.9842,-0.9903,-0.9744,-0.9888,-0.9803,0.0,0.35,0.0,0.0,0.0,0.0,-0.9166666666666666,-1.0,-1.0,-0.9285714285714286,-1.0,-1.0,-0.2759325355291366,0.1460609436035156,-0.0218099653720855,0.1403308808803558,0.1647588014602661,-0.5469308122992516,-0.2,-0.6,-0.2,-0.2,-0.3,-0.5,-0.4745798404391607,-0.4176278112792969,-0.44242199307441715,-0.39252810953821454,-0.42480823970794673,-0.6054461624598503
2025-09-01,2025-12-01,4.02,3.91,3.95,3.77,3.57,3.54,3.5,3.28,-0.6808,-0.6808,-0.7783,-0.7783,-0.7295499999999999,-0.6808,0.0555555555555555,0.0555555555555555,0.0555555555555555,0.0,-0.1333333333333333,-0.2666666666666666,-0.125,-0.0625,-0.0625,-0.0625,-0.09375,-0.125,-0.35892014577984804,-0.4343466609716415,-0.4596527367830276,-0.425122894346714,-0.4046418145298958,-0.3841607347130775,-0.55,-0.8,-0.7,-0.7,-0.7,-0.7,-0.33183291804485854,-0.3844182210832172,-0.3889794362454944,-0.39318457886934277,-0.4122550295726458,-0.4313254802759488,-0.9894,-0.9803,-0.9842,-0.9903,-0.9744,-0.9888,0.0,0.0,0.35,0.0,0.0,0.0,-0.9166666666666666,-0.9166666666666666,-1.0,-1.0,-0.9285714285714286,-1.0,-0.0182088613510131,-0.2759325355291366,0.1460609436035156,-0.0218099653720855,0.1403308808803558,0.1647588014602661,-0.1,-0.2,-0.6,-0.2,-0.2,-0.3,-0.40485510560353594,-0.4745798404391607,-0.4176278112792969,-0.44242199307441715,-0.39252810953821454,-0.42480823970794673
